"C:/Users/luisf/Documents/pos/test/bochanet/BochaNet/BochaNet.uproject" 1
"../../../Engine/Plugins/AudioGameplayVolume/AudioGameplayVolume.uplugin" 2
"../../../Engine/Plugins/AutomationControllerRpc/AutomationControllerRpc.uplugin" 3
"../../../Engine/Plugins/AudioModulationInsights/AudioModulationInsights.uplugin" 4
"../../../Engine/Plugins/BaseMaterial/BaseMaterial.uplugin" 5
"../../../Engine/Plugins/ChaosClothAssetUsdDataflowNodes/ChaosClothAssetUsdDataflowNodes.uplugin" 6
"../../../Engine/Plugins/Bridge/Bridge.uplugin" 7
"../../../Engine/Plugins/AudioInsights/AudioInsights.uplugin" 8
"../../../Engine/Plugins/BlueprintFileUtils/BlueprintFileUtils.uplugin" 9
"../../../Engine/Plugins/ChaosClothAsset/ChaosClothAsset.uplugin" 10
"../../../Engine/Plugins/ChaosCloth/ChaosCloth.uplugin" 11
"../../../Engine/Plugins/AudioInsightsRuntime/AudioInsightsRuntime.uplugin" 12
"../../../Engine/Plugins/ChaosClothAssetDataflowNodes/ChaosClothAssetDataflowNodes.uplugin" 13
"../../../Engine/Plugins/ChaosClothAssetEditor/ChaosClothAssetEditor.uplugin" 14
"../../../Engine/Plugins/AudioGameplay/AudioGameplay.uplugin" 15
"../../../Engine/Plugins/Dataflow/Dataflow.uplugin" 16
"../../../Engine/Plugins/ChaosClothAssetEditorCore/ChaosClothAssetEditorCore.uplugin" 17
"../../../Engine/Plugins/ChaosOutfitAsset/ChaosOutfitAsset.uplugin" 18
"../../../Engine/Plugins/DerivedDataBuildController/DerivedDataBuildController.uplugin" 19
"../../../Engine/Plugins/ChaosInsights/ChaosInsights.uplugin" 20
"../../../Engine/Plugins/Fab/Fab.uplugin" 21
"../../../Engine/Plugins/Chooser/Chooser.uplugin" 22
"../../../Engine/Plugins/ChaosVD/ChaosVD.uplugin" 23
"../../../Engine/Plugins/FastBuildController/FastBuildController.uplugin" 24
"../../../Engine/Plugins/GameInputWindows/GameInputWindows.uplugin" 25
"../../../Engine/Plugins/DataflowVolumetricPlugin/DataflowVolumetricPlugin.uplugin" 26
"../../../Engine/Plugins/DiscoveryBeaconReceiver/DiscoveryBeaconReceiver.uplugin" 27
"../../../Engine/Plugins/JsonBlueprintUtilities/JsonBlueprintUtilities.uplugin" 28
"../../../Engine/Plugins/LightWeightInstancesEditor/LightWeightInstancesEditor.uplugin" 29
"../../../Engine/Plugins/EnhancedInput/EnhancedInput.uplugin" 30
"../../../Engine/Plugins/MemoryUsageQueries/MemoryUsageQueries.uplugin" 31
"../../../Engine/Plugins/MeshPainting/MeshPainting.uplugin" 32
"../../../Engine/Plugins/CmdLinkServer/CmdLinkServer.uplugin" 33
"../../../Engine/Plugins/RenderGraphInsights/RenderGraphInsights.uplugin" 34
"../../../Engine/Plugins/ScriptPlugin/ScriptPlugin.uplugin" 35
"../../../Engine/Plugins/Mutable/Mutable.uplugin" 36
"../../../Engine/Plugins/PCG/PCG.uplugin" 37
"../../../Engine/Plugins/TraceUtilities/TraceUtilities.uplugin" 38
"../../../Engine/Plugins/UbaController/UbaController.uplugin" 39
"../../../Engine/Plugins/IoStoreInsights/IoStoreInsights.uplugin" 40
"../../../Engine/Plugins/TextureGraph/TextureGraph.uplugin" 41
"../../../Engine/Plugins/WorldMetrics/WorldMetrics.uplugin" 42
"../../../Engine/Plugins/MassInsights/MassInsights.uplugin" 43
"../../../Engine/Plugins/XGEController/XGEController.uplugin" 44
"../../../Engine/Plugins/FX/CascadeToNiagaraConverter/CascadeToNiagaraConverter.uplugin" 45
"../../../Engine/Plugins/WorldStreamingInsights/WorldStreamingInsights.uplugin" 46
"../../../Engine/Plugins/Compression/OodleNetwork/OodleNetwork.uplugin" 47
"../../../Engine/Plugins/FX/Niagara/Niagara.uplugin" 48
"../../../Engine/Plugins/RenderTraceInsights/RenderTraceInsights.uplugin" 49
"../../../Engine/Plugins/FX/NiagaraInsights/NiagaraInsights.uplugin" 50
"../../../Engine/Plugins/FX/NiagaraMRQ/NiagaraMRQ.uplugin" 51
"../../../Engine/Plugins/FX/NiagaraFluids/NiagaraFluids.uplugin" 52
"../../../Engine/Plugins/FX/NiagaraSimCaching/NiagaraSimCaching.uplugin" 53
"../../../Engine/Plugins/Interchange/Assets/InterchangeAssets.uplugin" 54
"../../../Engine/Plugins/FX/NiagaraPreviewContent/NiagaraPreviewContent.uplugin" 55
"../../../Engine/Plugins/Interchange/Runtime/Interchange.uplugin" 56
"../../../Engine/Plugins/FX/ExampleCustomDataInterface/ExampleCustomDataInterface.uplugin" 57
"../../../Engine/Plugins/Interchange/Editor/InterchangeEditor.uplugin" 58
"../../../Engine/Plugins/Protocols/MQTT/MQTT.uplugin" 59
"../../../Engine/Plugins/PCGInterops/PCGPythonInterop/PCGPythonInterop.uplugin" 60
"../../../Engine/Plugins/FX/Cascade/Cascade.uplugin" 61
"../../../Engine/Plugins/PCGInterops/PCGExternalDataInterop/PCGExternalDataInterop.uplugin" 62
"../../../Engine/Plugins/Runtime/ActorLayerUtilities/ActorLayerUtilities.uplugin" 63
"../../../Engine/Plugins/FX/NiagaraUIRenderer/NiagaraUIRenderer.uplugin" 64
"../../../Engine/Plugins/Runtime/AndroidMoviePlayer/AndroidMoviePlayer.uplugin" 65
"../../../Engine/Plugins/RPCBase/RPCBase.uplugin" 66
"../../../Engine/Plugins/Runtime/ADM/ADM.uplugin" 67
"../../../Engine/Plugins/FX/NiagaraNanite/NiagaraNanite.uplugin" 68
"../../../Engine/Plugins/Runtime/AndroidFileServer/AndroidFileServer.uplugin" 69
"../../../Engine/Plugins/Runtime/AndroidDeviceProfileSelector/AndroidDeviceProfileSelector.uplugin" 70
"../../../Engine/Plugins/Runtime/ApexDestruction/ApexDestruction.uplugin" 71
"../../../Engine/Plugins/Runtime/AndroidPermission/AndroidPermission.uplugin" 72
"../../../Engine/Plugins/Runtime/AppleImageUtils/AppleImageUtils.uplugin" 73
"../../../Engine/Plugins/PCGInterops/PCGGeometryScriptInterop/PCGGeometryScriptInterop.uplugin" 74
"../../../Engine/Plugins/Runtime/AppleMoviePlayer/AppleMoviePlayer.uplugin" 75
"../../../Engine/Plugins/SubtitlesAndClosedCaptions/SubtitlesAndClosedCaptions.uplugin" 76
"../../../Engine/Plugins/Runtime/ArchVisCharacter/ArchVisCharacter.uplugin" 77
"../../../Engine/Plugins/Runtime/AnimationBudgetAllocator/AnimationBudgetAllocator.uplugin" 78
"../../../Engine/Plugins/Runtime/AssetTags/AssetTags.uplugin" 79
"../../../Engine/Plugins/Runtime/AudioMotorSim/AudioMotorSim.uplugin" 80
"../../../Engine/Plugins/Runtime/AudioWidgets/AudioWidgets.uplugin" 81
"../../../Engine/Plugins/Runtime/CableComponent/CableComponent.uplugin" 82
"../../../Engine/Plugins/Runtime/ChunkDownloader/ChunkDownloader.uplugin" 83
"../../../Engine/Plugins/Runtime/CommonUI/CommonUI.uplugin" 84
"../../../Engine/Plugins/Runtime/AudioCapture/AudioCapture.uplugin" 85
"../../../Engine/Plugins/Runtime/CustomMeshComponent/CustomMeshComponent.uplugin" 86
"../../../Engine/Plugins/Runtime/ExampleDeviceProfileSelector/ExampleDeviceProfileSelector.uplugin" 87
"../../../Engine/Plugins/Runtime/ExternalGPUStatistics/ExternalGPUStatistics.uplugin" 88
"../../../Engine/Plugins/Runtime/Firebase/Firebase.uplugin" 89
"../../../Engine/Plugins/Runtime/ComputeFramework/ComputeFramework.uplugin" 90
"../../../Engine/Plugins/Runtime/GameInput/GameInput.uplugin" 91
"../../../Engine/Plugins/Runtime/GameplayInteractions/GameplayInteractions.uplugin" 92
"../../../Engine/Plugins/Runtime/DataRegistry/DataRegistry.uplugin" 93
"../../../Engine/Plugins/Runtime/GameplayBehaviorSmartObjects/GameplayBehaviorSmartObjects.uplugin" 94
"../../../Engine/Plugins/Runtime/AudioModulation/AudioModulation.uplugin" 95
"../../../Engine/Plugins/Runtime/GameplayStateTree/GameplayStateTree.uplugin" 96
"../../../Engine/Plugins/Runtime/GeometryCache/GeometryCache.uplugin" 97
"../../../Engine/Plugins/Runtime/GameplayAbilities/GameplayAbilities.uplugin" 98
"../../../Engine/Plugins/Runtime/GeometryProcessing/GeometryProcessing.uplugin" 99
"../../../Engine/Plugins/Runtime/GeometryScripting/GeometryScripting.uplugin" 100
"../../../Engine/Plugins/Runtime/GeoReferencing/GeoReferencing.uplugin" 101
"../../../Engine/Plugins/Runtime/HairStrands/HairStrands.uplugin" 102
"../../../Engine/Plugins/Runtime/GoogleCloudMessaging/GoogleCloudMessaging.uplugin" 103
"../../../Engine/Plugins/Runtime/InputDebugging/InputDebugging.uplugin" 104
"../../../Engine/Plugins/Runtime/IOSDeviceProfileSelector/IOSDeviceProfileSelector.uplugin" 105
"../../../Engine/Plugins/Runtime/GameFeatures/GameFeatures.uplugin" 106
"../../../Engine/Plugins/Runtime/LevelStreamingPersistence/LevelStreamingPersistence.uplugin" 107
"../../../Engine/Plugins/Runtime/IOSReplayKit/IOSReplayKit.uplugin" 108
"../../../Engine/Plugins/Runtime/AndroidBackgroundService/AndroidBackgroundService.uplugin" 109
"../../../Engine/Plugins/Runtime/CelestialVault/CelestialVault.uplugin" 110
"../../../Engine/Plugins/Runtime/Harmonix/Harmonix.uplugin" 111
"../../../Engine/Plugins/Runtime/InstancedActors/InstancedActors.uplugin" 112
"../../../Engine/Plugins/Runtime/AudioSynesthesia/AudioSynesthesia.uplugin" 113
"../../../Engine/Plugins/Runtime/LinuxDeviceProfileSelector/LinuxDeviceProfileSelector.uplugin" 114
"../../../Engine/Plugins/Runtime/LocationServicesAndroidImpl/LocationServicesAndroidImpl.uplugin" 115
"../../../Engine/Plugins/Runtime/LiveLinkOvernDisplay/LiveLinkOverNDisplay.uplugin" 116
"../../../Engine/Plugins/Runtime/LocationServicesBPLibrary/LocationServicesBPLibrary.uplugin" 117
"../../../Engine/Plugins/Runtime/HPMotionController/HPMotionController.uplugin" 118
"../../../Engine/Plugins/Runtime/LocationServicesIOSImpl/LocationServicesIOSImpl.uplugin" 119
"../../../Engine/Plugins/Runtime/MixedRealityCaptureFramework/MixedRealityCaptureFramework.uplugin" 120
"../../../Engine/Plugins/Runtime/HTTPChunkInstaller/HTTPChunkInstaller.uplugin" 121
"../../../Engine/Plugins/Runtime/MobilePatchingUtils/MobilePatchingUtils.uplugin" 122
"../../../Engine/Plugins/Runtime/MassGameplay/MassGameplay.uplugin" 123
"../../../Engine/Plugins/Runtime/Metasound/Metasound.uplugin" 124
"../../../Engine/Plugins/Runtime/ModularGameplay/ModularGameplay.uplugin" 125
"../../../Engine/Plugins/Runtime/MultiServerReplication/MultiServerReplication.uplugin" 126
"../../../Engine/Plugins/Runtime/nDisplayModularFeatures/nDisplayModularFeatures.uplugin" 127
"../../../Engine/Plugins/Runtime/MusicEnvironment/MusicEnvironment.uplugin" 128
"../../../Engine/Plugins/Runtime/NavCorridor/NavCorridor.uplugin" 129
"../../../Engine/Plugins/Runtime/MIDIDevice/MIDIDevice.uplugin" 130
"../../../Engine/Plugins/Runtime/MeshModelingToolset/MeshModelingToolset.uplugin" 131
"../../../Engine/Plugins/Runtime/nDisplay/nDisplay.uplugin" 132
"../../../Engine/Plugins/Runtime/OpenXR/OpenXR.uplugin" 133
"../../../Engine/Plugins/Runtime/GooglePAD/GooglePAD.uplugin" 134
"../../../Engine/Plugins/Runtime/OpenCV/OpenCV.uplugin" 135
"../../../Engine/Plugins/Runtime/HDRIBackdrop/HDRIBackdrop.uplugin" 136
"../../../Engine/Plugins/Runtime/OpenXREyeTracker/OpenXREyeTracker.uplugin" 137
"../../../Engine/Plugins/Runtime/ModularViewports/ModularViewports.uplugin" 138
"../../../Engine/Plugins/Runtime/MsQuic/MsQuic.uplugin" 139
"../../../Engine/Plugins/Runtime/OpenXRMsftHandInteraction/OpenXRMsftHandInteraction.uplugin" 140
"../../../Engine/Plugins/Runtime/OpenXRHandTracking/OpenXRHandTracking.uplugin" 141
"../../../Engine/Plugins/Runtime/OpenXRViveTracker/OpenXRViveTracker.uplugin" 142
"../../../Engine/Plugins/Runtime/OptionalMobileFeaturesBPLibrary/OptionalMobileFeaturesBPLibrary.uplugin" 143
"../../../Engine/Plugins/Runtime/PreLoadScreenMoviePlayer/PreLoadScreenMoviePlayer.uplugin" 144
"../../../Engine/Plugins/Runtime/PropertyBindingUtils/PropertyBindingUtils.uplugin" 145
"../../../Engine/Plugins/Runtime/PICOController/PICOController.uplugin" 146
"../../../Engine/Plugins/Runtime/ProceduralMeshComponent/ProceduralMeshComponent.uplugin" 147
"../../../Engine/Plugins/Runtime/NetworkPredictionInsights/NetworkPredictionInsights.uplugin" 148
"../../../Engine/Plugins/Runtime/NetworkPrediction/NetworkPrediction.uplugin" 149
"../../../Engine/Plugins/Runtime/RenderTrace/RenderTrace.uplugin" 150
"../../../Engine/Plugins/Runtime/NetworkPredictionExtras/NetworkPredictionExtras.uplugin" 151
"../../../Engine/Plugins/Runtime/ResonanceAudio/ResonanceAudio.uplugin" 152
"../../../Engine/Plugins/Runtime/MicrosoftSpatialAudio/MicroSoftSpatialSound.uplugin" 153
"../../../Engine/Plugins/Runtime/ReplicationGraph/ReplicationGraph.uplugin" 154
"../../../Engine/Plugins/Runtime/SignificanceManager/SignificanceManager.uplugin" 155
"../../../Engine/Plugins/Runtime/ReplicationSystemTestPlugin/ReplicationSystemTestPlugin.uplugin" 156
"../../../Engine/Plugins/Runtime/ModelViewViewModel/ModelViewViewModel.uplugin" 157
"../../../Engine/Plugins/Runtime/ScriptableToolsFramework/ScriptableToolsFramework.uplugin" 158
"../../../Engine/Plugins/Runtime/SkeletalMerging/SkeletalMerging.uplugin" 159
"../../../Engine/Plugins/Runtime/PropertyAccess/PropertyAccessEditor.uplugin" 160
"../../../Engine/Plugins/Runtime/SoundMod/SoundMod.uplugin" 161
"../../../Engine/Plugins/Runtime/OSC/OSC.uplugin" 162
"../../../Engine/Plugins/Runtime/SunPosition/SunPosition.uplugin" 163
"../../../Engine/Plugins/Runtime/Soundscape/Soundscape.uplugin" 164
"../../../Engine/Plugins/Runtime/Synthesis/Synthesis.uplugin" 165
"../../../Engine/Plugins/Runtime/StateTree/StateTree.uplugin" 166
"../../../Engine/Plugins/Runtime/USDCore/USDCore.uplugin" 167
"../../../Engine/Plugins/Runtime/SoundFields/SoundFields.uplugin" 168
"../../../Engine/Plugins/Runtime/WarpUtils/WarpUtils.uplugin" 169
"../../../Engine/Plugins/Runtime/SoundCueTemplates/SoundCueTemplates.uplugin" 170
"../../../Engine/Plugins/Runtime/RigVM/RigVM.uplugin" 171
"../../../Engine/Plugins/Runtime/SmartObjects/SmartObjects.uplugin" 172
"../../../Engine/Plugins/Runtime/WebBrowserWidget/WebBrowserWidget.uplugin" 173
"../../../Engine/Plugins/Runtime/SoundUtilities/SoundUtilities.uplugin" 174
"../../../Engine/Plugins/Runtime/WebMMoviePlayer/WebMMoviePlayer.uplugin" 175
"../../../Engine/Plugins/Runtime/WindowsMoviePlayer/WindowsMoviePlayer.uplugin" 176
"../../../Engine/Plugins/Runtime/WebBrowserNativeProxy/WebBrowserNativeProxy.uplugin" 177
"../../../Engine/Plugins/Runtime/XRBase/XRBase.uplugin" 178
"../../../Engine/Plugins/Runtime/WaveTable/WaveTable.uplugin" 179
"../../../Engine/Plugins/Runtime/ZoneGraph/ZoneGraph.uplugin" 180
"../../../Engine/Plugins/Runtime/WorldConditions/WorldConditions.uplugin" 181
"../../../Engine/Plugins/Runtime/ZoneGraphAnnotations/ZoneGraphAnnotations.uplugin" 182
"../../../Engine/Plugins/Runtime/WindowsDeviceProfileSelector/WindowsDeviceProfileSelector.uplugin" 183
"../../../Engine/Plugins/Experimental/ActorPalette/ActorPalette.uplugin" 184
"../../../Engine/Plugins/Runtime/Spatialization/Spatialization.uplugin" 185
"../../../Engine/Plugins/Experimental/AIAssistant/AIAssistant.uplugin" 186
"../../../Engine/Plugins/Experimental/AsyncMessageSystem/AsyncMessageSystem.uplugin" 187
"../../../Engine/Plugins/Experimental/AbilitySystemGameFeatureActions/AbilitySystemGameFeatureActions.uplugin" 188
"../../../Engine/Plugins/Experimental/AsyncMessageSystemTests/AsyncMessageSystemTests.uplugin" 189
"../../../Engine/Plugins/Experimental/AudioProperties/AudioProperties.uplugin" 190
"../../../Engine/Plugins/Experimental/AvalancheDisplayCluster/AvalancheDisplayCluster.uplugin" 191
"../../../Engine/Plugins/Experimental/BlueprintSnapNodes/BlueprintSnapNodes.uplugin" 192
"../../../Engine/Plugins/Experimental/Buoyancy/Buoyancy.uplugin" 193
"../../../Engine/Plugins/Experimental/AutomationUtils/AutomationUtils.uplugin" 194
"../../../Engine/Plugins/Experimental/BackChannel/BackChannel.uplugin" 195
"../../../Engine/Plugins/Experimental/ChaosCachingUSD/ChaosCachingUSD.uplugin" 196
"../../../Engine/Plugins/Experimental/BlueprintStats/BlueprintStats.uplugin" 197
"../../../Engine/Plugins/Experimental/ChaosClothEditor/ChaosClothEditor.uplugin" 198
"../../../Engine/Plugins/Experimental/ChaosCaching/ChaosCaching.uplugin" 199
"../../../Engine/Plugins/Experimental/ChaosEditor/ChaosEditor.uplugin" 200
"../../../Engine/Plugins/Experimental/AvalancheSequenceNavigator/AvalancheSequenceNavigator.uplugin" 201
"../../../Engine/Plugins/Experimental/ChaosDataflowSolver/ChaosDataflowSolver.uplugin" 202
"../../../Engine/Plugins/Experimental/ChaosModularVehicle/ChaosModularVehicle.uplugin" 203
"../../../Engine/Plugins/Experimental/ChaosModularVehicleExamples/ChaosModularVehicleExamples.uplugin" 204
"../../../Engine/Plugins/Experimental/AnimToTexture/AnimToTexture.uplugin" 205
"../../../Engine/Plugins/Experimental/ChaosRigidPhysicsAsync/ChaosRigidPhysicsAsync.uplugin" 206
"../../../Engine/Plugins/Experimental/CharacterAI/CharacterAI.uplugin" 207
"../../../Engine/Plugins/Experimental/ChaosRigidAsset/ChaosRigidAsset.uplugin" 208
"../../../Engine/Plugins/Experimental/CineCameraSceneCapture/CineCameraSceneCapture.uplugin" 209
"../../../Engine/Plugins/Experimental/CineCameraRigs/CineCameraRigs.uplugin" 210
"../../../Engine/Plugins/Experimental/ChaosVehiclesPlugin/ChaosVehiclesPlugin.uplugin" 211
"../../../Engine/Plugins/Experimental/CodeEditor/CodeEditor.uplugin" 212
"../../../Engine/Plugins/Experimental/ChaosFlesh/ChaosFlesh.uplugin" 213
"../../../Engine/Plugins/Experimental/ControlRigPhysics/ControlRigPhysics.uplugin" 214
"../../../Engine/Plugins/Experimental/ControlFlows/ControlFlows.uplugin" 215
"../../../Engine/Plugins/Experimental/ColorCorrectRegions/ColorCorrectRegions.uplugin" 216
"../../../Engine/Plugins/Experimental/ControlRigDynamics/ControlRigDynamics.uplugin" 217
"../../../Engine/Plugins/Experimental/DaySequence/DaySequence.uplugin" 218
"../../../Engine/Plugins/Experimental/DynamicMaterialMediaStreamBridge/DynamicMaterialMediaStreamBridge.uplugin" 219
"../../../Engine/Plugins/Experimental/CommonConversation/CommonConversation.uplugin" 220
"../../../Engine/Plugins/Experimental/CinematicSequenceNavigator/CinematicSequenceNavigator.uplugin" 221
"../../../Engine/Plugins/Experimental/DefaultInstallBundleManager/DefaultInstallBundleManager.uplugin" 222
"../../../Engine/Plugins/Experimental/CodeView/CodeView.uplugin" 223
"../../../Engine/Plugins/Experimental/ChaosSolverPlugin/ChaosSolverPlugin.uplugin" 224
"../../../Engine/Plugins/Experimental/DynamicWind/DynamicWind.uplugin" 225
"../../../Engine/Plugins/Experimental/EditorDataStorage/EditorDataStorage.uplugin" 226
"../../../Engine/Plugins/Experimental/EditorPerformance/EditorPerformance.uplugin" 227
"../../../Engine/Plugins/Experimental/EditorTelemetry/EditorTelemetry.uplugin" 228
"../../../Engine/Plugins/Experimental/FastGeoStreaming/FastGeoStreaming.uplugin" 229
"../../../Engine/Plugins/Experimental/Fracture/Fracture.uplugin" 230
"../../../Engine/Plugins/Experimental/EvaluationNotifies/EvaluationNotifies.uplugin" 231
"../../../Engine/Plugins/Experimental/FullBodyIK/FullBodyIK.uplugin" 232
"../../../Engine/Plugins/Experimental/FieldSystemPlugin/FieldSystemPlugin.uplugin" 233
"../../../Engine/Plugins/Experimental/GameplayBehaviors/GameplayBehaviors.uplugin" 234
"../../../Engine/Plugins/Experimental/ChaosUserDataPT/ChaosUserDataPT.uplugin" 235
"../../../Engine/Plugins/Experimental/Gauntlet/Gauntlet.uplugin" 236
"../../../Engine/Plugins/Experimental/GameplayGraph/GameplayGraph.uplugin" 237
"../../../Engine/Plugins/Experimental/GameplayTargetingSystem/TargetingSystem.uplugin" 238
"../../../Engine/Plugins/Experimental/AdvancedRenamer/AdvancedRenamer.uplugin" 239
"../../../Engine/Plugins/Experimental/GeometryCacheLevelSequenceBaker/GeometryCacheLevelSequenceBaker.uplugin" 240
"../../../Engine/Plugins/Experimental/GeometryCollectionPlugin/GeometryCollectionPlugin.uplugin" 241
"../../../Engine/Plugins/Experimental/HairModelingToolset/HairModelingToolset.uplugin" 242
"../../../Engine/Plugins/Experimental/GeometryCacheAbcFile/GeometryCacheAbcFile.uplugin" 243
"../../../Engine/Plugins/Experimental/InEditorDocumentation/InEditorDocumentation.uplugin" 244
"../../../Engine/Plugins/Experimental/ChaosMover/ChaosMover.uplugin" 245
"../../../Engine/Plugins/Experimental/FloatingProperties/FloatingProperties.uplugin" 246
"../../../Engine/Plugins/Experimental/ChaosNiagara/ChaosNiagara.uplugin" 247
"../../../Engine/Plugins/Experimental/EditorTRSGizmo/EditorTRSGizmo.uplugin" 248
"../../../Engine/Plugins/Experimental/InteractionInterface/InteractionInterface.uplugin" 249
"../../../Engine/Plugins/Experimental/DrawDebugLibrary/DrawDebugLibrary.uplugin" 250
"../../../Engine/Plugins/Experimental/HttpInsights/HttpInsights.uplugin" 251
"../../../Engine/Plugins/Experimental/HairCardGenerator/HairCardGenerator.uplugin" 252
"../../../Engine/Plugins/Experimental/Iris/Iris.uplugin" 253
"../../../Engine/Plugins/Experimental/HairStrandsMutable/HairStrandsMutable.uplugin" 254
"../../../Engine/Plugins/Experimental/GPULightmass/GPULightmass.uplugin" 255
"../../../Engine/Plugins/Experimental/ImpostorBaker/ImpostorBaker.uplugin" 256
"../../../Engine/Plugins/Experimental/GeometryFlow/GeometryFlow.uplugin" 257
"../../../Engine/Plugins/Experimental/JWT/JWT.uplugin" 258
"../../../Engine/Plugins/Experimental/Landmass/Landmass.uplugin" 259
"../../../Engine/Plugins/Experimental/GeometryDataflow/GeometryDataflow.uplugin" 260
"../../../Engine/Plugins/Experimental/GizmoFramework/GizmoFramework.uplugin" 261
"../../../Engine/Plugins/Experimental/GlobalConfigurationData/GlobalConfigurationData.uplugin" 262
"../../../Engine/Plugins/Experimental/LearningCore/LearningCore.uplugin" 263
"../../../Engine/Plugins/Experimental/LevelSequenceNavigatorBridge/LevelSequenceNavigatorBridge.uplugin" 264
"../../../Engine/Plugins/Experimental/LiveLinkFaceImporter/LiveLinkFaceImporter.uplugin" 265
"../../../Engine/Plugins/Experimental/LiveLinkOpenVR/LiveLinkOpenVR.uplugin" 266
"../../../Engine/Plugins/Experimental/MeshModelingToolsetExp/MeshModelingToolsetExp.uplugin" 267
"../../../Engine/Plugins/Experimental/LocalizableMessage/LocalizableMessage.uplugin" 268
"../../../Engine/Plugins/Experimental/MediaStream/MediaStream.uplugin" 269
"../../../Engine/Plugins/Experimental/MeshPartitionWater/MeshPartitionWater.uplugin" 270
"../../../Engine/Plugins/Experimental/InstanceDataObjectFixupTool/InstanceDataObjectFixupTool.uplugin" 271
"../../../Engine/Plugins/Experimental/LiveLinkControlRig/LiveLinkControlRig.uplugin" 272
"../../../Engine/Plugins/Experimental/MeshResizing/MeshResizing.uplugin" 273
"../../../Engine/Plugins/Experimental/MeshPartition/MeshPartition.uplugin" 274
"../../../Engine/Plugins/Experimental/MLflow/MLflow.uplugin" 275
"../../../Engine/Plugins/Experimental/MotorSimOutputMotoSynth/MotorSimOutputMotoSynth.uplugin" 276
"../../../Engine/Plugins/Experimental/MoverTests/MoverTests.uplugin" 277
"../../../Engine/Plugins/Experimental/ModelContextProtocol/ModelContextProtocol.uplugin" 278
"../../../Engine/Plugins/Experimental/MoverExamples/MoverExamples.uplugin" 279
"../../../Engine/Plugins/Experimental/EditorDataStorageFeatures/EditorDataStorageFeatures.uplugin" 280
"../../../Engine/Plugins/Experimental/MovieSceneAnimMixer/MovieSceneAnimMixer.uplugin" 281
"../../../Engine/Plugins/Experimental/LowLevelNetTrace/LowLevelNetTrace.uplugin" 282
"../../../Engine/Plugins/Experimental/MovieScenePoseSearchTracks/MovieScenePoseSearchTracks.uplugin" 283
"../../../Engine/Plugins/Experimental/MutableClothing/MutableClothing.uplugin" 284
"../../../Engine/Plugins/Experimental/MoverAnimNext/MoverAnimNext.uplugin" 285
"../../../Engine/Plugins/Experimental/MetasoundExperimental/MetasoundExperimental.uplugin" 286
"../../../Engine/Plugins/Experimental/MovieSceneMixedControlRig/MovieSceneMixedControlRig.uplugin" 287
"../../../Engine/Plugins/Experimental/MutableAssetUserData/MutableAssetUserData.uplugin" 288
"../../../Engine/Plugins/Experimental/MutableExtensionExample/MutableExtensionExample.uplugin" 289
"../../../Engine/Plugins/Experimental/MutableDataflow/MutableDataflow.uplugin" 290
"../../../Engine/Plugins/Experimental/MoverIntegrations/MoverIntegrations.uplugin" 291
"../../../Engine/Plugins/Experimental/NetworkServiceDiscovery/NetworkServiceDiscovery.uplugin" 292
"../../../Engine/Plugins/Experimental/InlineMaterialInstance/InlineMaterialInstance.uplugin" 293
"../../../Engine/Plugins/Experimental/ImagePlate/ImagePlate.uplugin" 294
"../../../Engine/Plugins/Experimental/MutablePopulation/MutablePopulation.uplugin" 295
"../../../Engine/Plugins/Experimental/MeshTerrainMode/MeshTerrainMode.uplugin" 296
"../../../Engine/Plugins/Experimental/NNERuntimeBasicCpu/NNERuntimeBasicCpu.uplugin" 297
"../../../Engine/Plugins/Experimental/NNERuntimeCoreML/NNERuntimeCoreML.uplugin" 298
"../../../Engine/Plugins/Experimental/NeuralRendering/NeuralRendering.uplugin" 299
"../../../Engine/Plugins/Experimental/OpenImageDenoise/OpenImageDenoise.uplugin" 300
"../../../Engine/Plugins/Experimental/NNERuntimeIREE/NNERuntimeIREE.uplugin" 301
"../../../Engine/Plugins/Experimental/OptiXDenoise/OptiXDenoise.uplugin" 302
"../../../Engine/Plugins/Experimental/NNERuntimeRDG/NNERuntimeRDG.uplugin" 303
"../../../Engine/Plugins/Experimental/PCGPrimitives/PCGPrimitives.uplugin" 304
"../../../Engine/Plugins/Experimental/PanoramicCapture/PanoramicCapture.uplugin" 305
"../../../Engine/Plugins/Experimental/NFORDenoise/NFORDenoise.uplugin" 306
"../../../Engine/Plugins/Experimental/PCGBiomeCore/PCGBiomeCore.uplugin" 307
"../../../Engine/Plugins/Experimental/PixelStreamingPlayer/PixelStreamingPlayer.uplugin" 308
"../../../Engine/Plugins/Experimental/PCGPrimitives_MeshPartitionInterop/PCGPrimitives_MeshPartitionInterop.uplugin" 309
"../../../Engine/Plugins/Experimental/PCGBiomeSample/PCGBiomeSample.uplugin" 310
"../../../Engine/Plugins/Experimental/PlainPropsUObject/PlainPropsUObject.uplugin" 311
"../../../Engine/Plugins/Experimental/PlanarCutPlugin/PlanarCut.uplugin" 312
"../../../Engine/Plugins/Experimental/PCGMeshPartitionInterop/PCGMeshPartitionInterop.uplugin" 313
"../../../Engine/Plugins/Experimental/PlainProps/PlainProps.uplugin" 314
"../../../Engine/Plugins/Experimental/PlatformDLC/PlatformDLC.uplugin" 315
"../../../Engine/Plugins/Experimental/PlatformCrypto/PlatformCrypto.uplugin" 316
"../../../Engine/Plugins/Experimental/PluginAudit/PluginAudit.uplugin" 317
"../../../Engine/Plugins/Experimental/PlayerInputDebugger/PlayerInputDebugger.uplugin" 318
"../../../Engine/Plugins/Experimental/LearningAgents/LearningAgents.uplugin" 319
"../../../Engine/Plugins/Experimental/PluginTemplateTool/PluginTemplateTool.uplugin" 320
"../../../Engine/Plugins/Experimental/ProceduralVegetationEditor/ProceduralVegetationEditor.uplugin" 321
"../../../Engine/Plugins/Experimental/PluginReferenceViewer/PluginReferenceViewer.uplugin" 322
"../../../Engine/Plugins/Experimental/PSDImporter/PSDImporter.uplugin" 323
"../../../Engine/Plugins/Experimental/PostProcessMaterialChainGraph/PostProcessMaterialChainGraph.uplugin" 324
"../../../Engine/Plugins/Experimental/MotoSynth/MotoSynth.uplugin" 325
"../../../Engine/Plugins/Experimental/PythonFoundationPackages/PythonFoundationPackages.uplugin" 326
"../../../Engine/Plugins/Experimental/PSDImporterMaterialDesignerBridge/PSDImporterMaterialDesignerBridge.uplugin" 327
"../../../Engine/Plugins/Experimental/PythonScriptPlugin/PythonScriptPlugin.uplugin" 328
"../../../Engine/Plugins/Experimental/QuicMessaging/QuicMessaging.uplugin" 329
"../../../Engine/Plugins/Experimental/PythonMLPackages/PythonMLPackages.uplugin" 330
"../../../Engine/Plugins/Experimental/RawInput/RawInput.uplugin" 331
"../../../Engine/Plugins/Experimental/RemoteSession/RemoteSession.uplugin" 332
"../../../Engine/Plugins/Experimental/RazerChromaDevices/RazerChromaDevices.uplugin" 333
"../../../Engine/Plugins/Experimental/RemoteControlComponents/RemoteControlComponents.uplugin" 334
"../../../Engine/Plugins/Experimental/RenderGrid/RenderGrid.uplugin" 335
"../../../Engine/Plugins/Experimental/RemoteControlActorModifierBridge/RemoteControlActorModifierBridge.uplugin" 336
"../../../Engine/Plugins/Experimental/SemanticSearch/SemanticSearch.uplugin" 337
"../../../Engine/Plugins/Experimental/ScreenReader/ScreenReader.uplugin" 338
"../../../Engine/Plugins/Experimental/Mover/Mover.uplugin" 339
"../../../Engine/Plugins/Experimental/NaniteAssemblyEditorUtils/NaniteAssemblyEditorUtils.uplugin" 340
"../../../Engine/Plugins/Experimental/SerializationUtils/SerializationUtils.uplugin" 341
"../../../Engine/Plugins/Experimental/SimpleHMD/SimpleHMD.uplugin" 342
"../../../Engine/Plugins/Experimental/SequenceNavigator/SequenceNavigator.uplugin" 343
"../../../Engine/Plugins/Experimental/SlateModelViewViewModel/SlateModelViewViewModel.uplugin" 344
"../../../Engine/Plugins/Experimental/RigLogicUAF/RigLogicUAF.uplugin" 345
"../../../Engine/Plugins/Experimental/SecuritySandbox/SecuritySandbox.uplugin" 346
"../../../Engine/Plugins/Experimental/SkeletalReduction/SkeletalReduction.uplugin" 347
"../../../Engine/Plugins/Experimental/SlateScreenReader/SlateScreenReader.uplugin" 348
"../../../Engine/Plugins/Experimental/SpatialReadiness/SpatialReadiness.uplugin" 349
"../../../Engine/Plugins/Experimental/StructUtils/StructUtils.uplugin" 350
"../../../Engine/Plugins/Experimental/StateGraph/StateGraph.uplugin" 351
"../../../Engine/Plugins/Experimental/PlainPropsEngine/PlainPropsEngine.uplugin" 352
"../../../Engine/Plugins/Experimental/Shotgrid/Shotgrid.uplugin" 353
"../../../Engine/Plugins/Experimental/SlateIM/SlateIM.uplugin" 354
"../../../Engine/Plugins/Experimental/SubmitToolEditor/SubmitToolEditor.uplugin" 355
"../../../Engine/Plugins/Experimental/SurfaceEffects/SurfaceEffects.uplugin" 356
"../../../Engine/Plugins/Experimental/TargetDeviceServicesScripting/TargetDeviceServicesScripting.uplugin" 357
"../../../Engine/Plugins/Experimental/Terminal/Terminal.uplugin" 358
"../../../Engine/Plugins/Experimental/TechAudioTools/TechAudioTools.uplugin" 359
"../../../Engine/Plugins/Experimental/TetMeshing/TetMeshing.uplugin" 360
"../../../Engine/Plugins/Experimental/Tensorboard/Tensorboard.uplugin" 361
"../../../Engine/Plugins/Experimental/TextToSpeech/TextToSpeech.uplugin" 362
"../../../Engine/Plugins/Experimental/ToolPresets/ToolPresets.uplugin" 363
"../../../Engine/Plugins/Experimental/MessageBusTester/MessageBusTester.uplugin" 364
"../../../Engine/Plugins/Experimental/UserToolBoxCore/UserToolBoxCore.uplugin" 365
"../../../Engine/Plugins/Experimental/UserToolBoxBasicCommand/UserToolBoxBasicCommand.uplugin" 366
"../../../Engine/Plugins/Experimental/VirtualHeightfieldMesh/VirtualHeightfieldMesh.uplugin" 367
"../../../Engine/Plugins/Experimental/VEUV/VEUV.uplugin" 368
"../../../Engine/Plugins/Experimental/USDPregen/USDPregen.uplugin" 369
"../../../Engine/Plugins/Experimental/UIFramework/UIFramework.uplugin" 370
"../../../Engine/Plugins/Experimental/RuntimeTelemetry/RuntimeTelemetry.uplugin" 371
"../../../Engine/Plugins/Experimental/WaterAdvanced/WaterAdvanced.uplugin" 372
"../../../Engine/Plugins/Experimental/Volumetrics/Volumetrics.uplugin" 373
"../../../Engine/Plugins/Experimental/ToolsetRegistry/ToolsetRegistry.uplugin" 374
"../../../Engine/Plugins/Experimental/WaveFunctionCollapse/WaveFunctionCollapse.uplugin" 375
"../../../Engine/Plugins/Experimental/WebSocketMessaging/WebSocketMessaging.uplugin" 376
"../../../Engine/Plugins/Experimental/Workspace/Workspace.uplugin" 377
"../../../Engine/Plugins/Experimental/WidgetEditorToolPalette/WidgetEditorToolPalette.uplugin" 378
"../../../Engine/Plugins/MovieScene/CustomizableSequencerTracks/CustomizableSequencerTracks.uplugin" 379
"../../../Engine/Plugins/Experimental/VirtualProductionUtilities/VirtualProductionUtilities.uplugin" 380
"../../../Engine/Plugins/Experimental/WaterExtras/WaterExtras.uplugin" 381
"../../../Engine/Plugins/MovieScene/ActorSequence/ActorSequence.uplugin" 382
"../../../Engine/Plugins/Experimental/WebSocketNetworking/WebSocketNetworking.uplugin" 383
"../../../Engine/Plugins/MovieScene/MovieSceneTextTrack/MovieSceneTextTrack.uplugin" 384
"../../../Engine/Plugins/MovieScene/LevelSequenceEditor/LevelSequenceEditor.uplugin" 385
"../../../Engine/Plugins/MovieScene/ReplayTracks/ReplayTracks.uplugin" 386
"../../../Engine/Plugins/Experimental/Water/Water.uplugin" 387
"../../../Engine/Plugins/Tests/AudioCQTests/AudioCQTests.uplugin" 388
"../../../Engine/Plugins/MovieScene/SequenceValidator/SequenceValidator.uplugin" 389
"../../../Engine/Plugins/MovieScene/MovieRenderPipeline/MovieRenderPipeline.uplugin" 390
"../../../Engine/Plugins/Performance/PerformanceMonitor/PerformanceMonitor.uplugin" 391
"../../../Engine/Plugins/Tests/CQTest/CQTest.uplugin" 392
"../../../Engine/Plugins/MovieScene/TemplateSequence/TemplateSequence.uplugin" 393
"../../../Engine/Plugins/Performance/AutomatedPerfTesting/AutomatedPerfTesting.uplugin" 394
"../../../Engine/Plugins/Performance/AutomatedPerfTestTools/AutomatedPerfTestTools.uplugin" 395
"../../../Engine/Plugins/Tests/CQTestExperimental/CQTestExperimental.uplugin" 396
"../../../Engine/Plugins/Tests/CQTestEnhancedInput/CQTestEnhancedInput.uplugin" 397
"../../../Engine/Plugins/Tests/EditorTests/EditorTests.uplugin" 398
"../../../Engine/Plugins/MovieScene/CinematicPrestreaming/CinematicPrestreaming.uplugin" 399
"../../../Engine/Plugins/Experimental/Subsonic/Subsonic.uplugin" 400
"../../../Engine/Plugins/Tests/AutomationDriverTests/AutomationDriverTests.uplugin" 401
"../../../Engine/Plugins/Tests/InterchangeTests/InterchangeTests.uplugin" 402
"../../../Engine/Plugins/Tests/VerseModuleIndependenceB/VerseModuleIndependenceB.uplugin" 403
"../../../Engine/Plugins/Tests/TestFramework/TestFramework.uplugin" 404
"../../../Engine/Plugins/Tests/RHITests/RHITests.uplugin" 405
"../../../Engine/Plugins/Experimental/XRCreativeFramework/XRCreativeFramework.uplugin" 406
"../../../Engine/Plugins/Experimental/NaniteDisplacedMesh/NaniteDisplacedMesh.uplugin" 407
"../../../Engine/Plugins/VirtualProduction/ActorModifier/ActorModifier.uplugin" 408
"../../../Engine/Plugins/Tests/FbxAutomationTestBuilder/FbxAutomationTestBuilder.uplugin" 409
"../../../Engine/Plugins/VirtualProduction/Avalanche/Avalanche.uplugin" 410
"../../../Engine/Plugins/Tests/FunctionalTestingEditor/FunctionalTestingEditor.uplugin" 411
"../../../Engine/Plugins/VirtualProduction/ActorModifierCore/ActorModifierCore.uplugin" 412
"../../../Engine/Plugins/Tests/WidgetAutomationTests/WidgetAutomationTests.uplugin" 413
"../../../Engine/Plugins/VirtualProduction/AvalancheDataLink/AvalancheDataLink.uplugin" 414
"../../../Engine/Plugins/VirtualProduction/AvalancheSceneState/AvalancheSceneState.uplugin" 415
"../../../Engine/Plugins/VirtualProduction/CameraCalibration/CameraCalibration.uplugin" 416
"../../../Engine/Plugins/Tests/RuntimeTests/RuntimeTests.uplugin" 417
"../../../Engine/Plugins/Tests/VerseModuleIndependenceA/VerseModuleIndependenceA.uplugin" 418
"../../../Engine/Plugins/MovieScene/MoviePipelineMaskRenderPass/MoviePipelineMaskRenderPass.uplugin" 419
"../../../Engine/Plugins/VirtualProduction/DataCharts/DataCharts.uplugin" 420
"../../../Engine/Plugins/VirtualProduction/CustomDetailsView/CustomDetailsView.uplugin" 421
"../../../Engine/Plugins/MovieScene/SequencerScripting/SequencerScripting.uplugin" 422
"../../../Engine/Plugins/Tests/TestSamples/TestSamples.uplugin" 423
"../../../Engine/Plugins/VirtualProduction/CompositePlane/CompositePlane.uplugin" 424
"../../../Engine/Plugins/VirtualProduction/CaptureData/CaptureData.uplugin" 425
"../../../Engine/Plugins/VirtualProduction/DataLinkOAuth/DataLinkOAuth.uplugin" 426
"../../../Engine/Plugins/VirtualProduction/CinematicAssemblyTools/CinematicAssemblyTools.uplugin" 427
"../../../Engine/Plugins/VirtualProduction/DynamicMaterial/DynamicMaterial.uplugin" 428
"../../../Engine/Plugins/VirtualProduction/DataLink/DataLink.uplugin" 429
"../../../Engine/Plugins/VirtualProduction/GeometryMask/GeometryMask.uplugin" 430
"../../../Engine/Plugins/VirtualProduction/EpicStageApp/EpicStageApp.uplugin" 431
"../../../Engine/Plugins/VirtualProduction/ICVFXTesting/ICVFXTesting.uplugin" 432
"../../../Engine/Plugins/VirtualProduction/CameraCalibrationCore/CameraCalibrationCore.uplugin" 433
"../../../Engine/Plugins/VirtualProduction/LiveLinkFreeD/LiveLinkFreeD.uplugin" 434
"../../../Engine/Plugins/VirtualProduction/LiveLinkCamera/LiveLinkCamera.uplugin" 435
"../../../Engine/Plugins/VirtualProduction/CameraCalibrationML/CameraCalibrationML.uplugin" 436
"../../../Engine/Plugins/Tests/PythonAutomationTest/PythonAutomationTest.uplugin" 437
"../../../Engine/Plugins/VirtualProduction/LevelSnapshots/LevelSnapshots.uplugin" 438
"../../../Engine/Plugins/VirtualProduction/LiveLinkKiProDevice/LiveLinkKiProDevice.uplugin" 439
"../../../Engine/Plugins/VirtualProduction/LensComponent/LensComponent.uplugin" 440
"../../../Engine/Plugins/VirtualProduction/LiveLinkSoundDevice/LiveLinkSoundDevice.uplugin" 441
"../../../Engine/Plugins/VirtualProduction/LiveLinkVRPN/LiveLinkVRPN.uplugin" 442
"../../../Engine/Plugins/VirtualProduction/LiveLinkXR/LiveLinkXR.uplugin" 443
"../../../Engine/Plugins/VirtualProduction/LiveLinkOpenTrackIO/LiveLinkOpenTrackIO.uplugin" 444
"../../../Engine/Plugins/VirtualProduction/MultiUserTakes/MultiUserTakes.uplugin" 445
"../../../Engine/Plugins/VirtualProduction/LiveLinkPrestonMDR/LiveLinkPrestonMDR.uplugin" 446
"../../../Engine/Plugins/VirtualProduction/LiveLinkInputDevice/LiveLinkInputDevice.uplugin" 447
"../../../Engine/Plugins/VirtualProduction/PropertyAnimator/PropertyAnimator.uplugin" 448
"../../../Engine/Plugins/VirtualProduction/PerformanceCaptureWorkflow/PerformanceCaptureWorkflow.uplugin" 449
"../../../Engine/Plugins/VirtualProduction/RemoteControlInterception/RemoteControlInterception.uplugin" 450
"../../../Engine/Plugins/VirtualProduction/OperatorStack/OperatorStack.uplugin" 451
"../../../Engine/Plugins/VirtualProduction/AccumulationDOF/AccumulationDOF.uplugin" 452
"../../../Engine/Plugins/VirtualProduction/RemoteControl/RemoteControl.uplugin" 453
"../../../Engine/Plugins/VirtualProduction/SceneState/SceneState.uplugin" 454
"../../../Engine/Plugins/VirtualProduction/RemoteControlProtocolOSC/RemoteControlProtocolOSC.uplugin" 455
"../../../Engine/Plugins/VirtualProduction/RemoteControlWebInterface/RemoteControlWebInterface.uplugin" 456
"../../../Engine/Plugins/VirtualProduction/SequencerPlaylists/SequencerPlaylists.uplugin" 457
"../../../Engine/Plugins/VirtualProduction/ClonerEffector/ClonerEffector.uplugin" 458
"../../../Engine/Plugins/VirtualProduction/StageMonitoring/StageMonitoring.uplugin" 459
"../../../Engine/Plugins/VirtualProduction/RemoteControlProtocolDMX/RemoteControlProtocolDMX.uplugin" 460
"../../../Engine/Plugins/VirtualProduction/LiveLinkMasterLockit/LiveLinkMasterLockit.uplugin" 461
"../../../Engine/Plugins/VirtualProduction/ViewportWidgetOverlay/ViewportWidgetOverlay.uplugin" 462
"../../../Engine/Plugins/VirtualProduction/StormSync/StormSync.uplugin" 463
"../../../Engine/Plugins/VirtualProduction/SceneStateDataLink/SceneStateDataLink.uplugin" 464
"../../../Engine/Plugins/VirtualProduction/Takes/Takes.uplugin" 465
"../../../Engine/Plugins/VirtualProduction/TextureShare/TextureShare.uplugin" 466
"../../../Engine/Plugins/VirtualProduction/Text3D/Text3D.uplugin" 467
"../../../Engine/Plugins/VirtualProduction/VirtualCamera/VirtualCamera.uplugin" 468
"../../../Engine/Plugins/VirtualProduction/TimedDataMonitor/TimedDataMonitor.uplugin" 469
"../../../Engine/Plugins/VirtualProduction/StormSyncAvalancheBridge/StormSyncAvalancheBridge.uplugin" 470
"../../../Engine/Plugins/VirtualProduction/LiveLinkOBSDevice/LiveLinkOBSDevice.uplugin" 471
"../../../Engine/Plugins/VirtualProduction/VirtualScouting/VirtualScouting.uplugin" 472
"../../../Engine/Plugins/VirtualProduction/ICVFX/ICVFX.uplugin" 473
"../../../Engine/Plugins/VirtualProduction/Switchboard/Switchboard.uplugin" 474
"../../../Engine/Plugins/Media/AndroidCamera/AndroidCamera.uplugin" 475
"../../../Engine/Plugins/VirtualProduction/PropertyAnimatorCore/PropertyAnimatorCore.uplugin" 476
"../../../Engine/Plugins/Media/AjaMedia/AjaMedia.uplugin" 477
"../../../Engine/Plugins/Media/AndroidMedia/AndroidMedia.uplugin" 478
"../../../Engine/Plugins/Media/AppleProResDecoderElectra/AppleProResDecoderElectra.uplugin" 479
"../../../Engine/Plugins/VirtualProduction/VirtualCameraCore/VirtualCameraCore.uplugin" 480
"../../../Engine/Plugins/Media/AvidDNxHDDecoderElectra/AvidDNxHDDecoderElectra.uplugin" 481
"../../../Engine/Plugins/Media/APVDecoderElectra/APVDecoderElectra.uplugin" 482
"../../../Engine/Plugins/VirtualProduction/SVGImporter/SVGImporter.uplugin" 483
"../../../Engine/Plugins/Media/AV1DecoderElectra/AV1DecoderElectra.uplugin" 484
"../../../Engine/Plugins/Media/BlackmagicMedia/BlackmagicMedia.uplugin" 485
"../../../Engine/Plugins/Media/BinkMedia/BinkMedia.uplugin" 486
"../../../Engine/Plugins/Media/AvidDNxMedia/AvidDNxMedia.uplugin" 487
"../../../Engine/Plugins/Media/AppleProResMedia/AppleProResMedia.uplugin" 488
"../../../Engine/Plugins/Media/ElectraCDM/ElectraCDM.uplugin" 489
"../../../Engine/Plugins/Media/ElectraCodecs/ElectraCodecs.uplugin" 490
"../../../Engine/Plugins/Media/HAPDecoderElectra/HAPDecoderElectra.uplugin" 491
"../../../Engine/Plugins/Media/HardwareEncoders/HardwareEncoders.uplugin" 492
"../../../Engine/Plugins/Media/ElectraUtil/ElectraUtil.uplugin" 493
"../../../Engine/Plugins/Media/ImgMedia/ImgMedia.uplugin" 494
"../../../Engine/Plugins/Media/AudioCaptureTimecodeProvider/AudioCaptureTimecodeProvider.uplugin" 495
"../../../Engine/Plugins/Media/LinearTimecode/LinearTimecode.uplugin" 496
"../../../Engine/Plugins/Media/ElectraPlayer/ElectraPlayer.uplugin" 497
"../../../Engine/Plugins/Media/HAPMedia/HAPMedia.uplugin" 498
"../../../Engine/Plugins/Media/NDIMedia/NDIMedia.uplugin" 499
"../../../Engine/Plugins/VirtualProduction/RemoteControlProtocolMIDI/RemoteControlProtocolMIDI.uplugin" 500
"../../../Engine/Plugins/Media/MediaCompositing/MediaCompositing.uplugin" 501
"../../../Engine/Plugins/VirtualProduction/LiveLinkLens/LiveLinkLens.uplugin" 502
"../../../Engine/Plugins/Media/D3D12VideoDecodersElectra/D3D12VideoDecodersElectra.uplugin" 503
"../../../Engine/Plugins/Media/AvfMedia/AvfMedia.uplugin" 504
"../../../Engine/Plugins/Media/MediaIOFramework/MediaIOFramework.uplugin" 505
"../../../Engine/Plugins/Media/MP4Utilities/MP4Utilities.uplugin" 506
"../../../Engine/Plugins/Media/MediaPlayerEditor/MediaPlayerEditor.uplugin" 507
"../../../Engine/Plugins/Media/MediaFrameworkUtilities/MediaFrameworkUtilities.uplugin" 508
"../../../Engine/Plugins/Media/FlacDecoderElectra/FlacDecoderElectra.uplugin" 509
"../../../Engine/Plugins/Media/MediaViewer/MediaViewer.uplugin" 510
"../../../Engine/Plugins/Media/RTSPMedia/RTSPMedia.uplugin" 511
"../../../Engine/Plugins/Media/MediaProfile/MediaProfile.uplugin" 512
"../../../Engine/Plugins/Media/ElectraSubtitles/ElectraSubtitles.uplugin" 513
"../../../Engine/Plugins/Media/MediaMovieStreamer/MediaMovieStreamer.uplugin" 514
"../../../Engine/Plugins/Media/PixelStreaming/PixelStreaming.uplugin" 515
"../../../Engine/Plugins/Media/MJPEGDecoderElectra/MJPEGDecoderElectra.uplugin" 516
"../../../Engine/Plugins/Media/NVDECElectra/NVDECElectra.uplugin" 517
"../../../Engine/Plugins/Media/WebMMedia/WebMMedia.uplugin" 518
"../../../Engine/Plugins/Media/PixelStreaming2/PixelStreaming2.uplugin" 519
"../../../Engine/Plugins/Media/VPxDecoderElectra/VPxDecoderElectra.uplugin" 520
"../../../Engine/Plugins/Media/WmfMedia/WmfMedia.uplugin" 521
"../../../Engine/Plugins/Media/TmvMediaUtils/TmvMediaUtils.uplugin" 522
"../../../Engine/Plugins/Media/TimecodeSynchronizer/TimecodeSynchronizer.uplugin" 523
"../../../Engine/Plugins/Media/PixelCapture/PixelCapture.uplugin" 524
"../../../Engine/Plugins/MetaHuman/MetaHumanAnimationTools/MetaHumanAnimationTools.uplugin" 525
"../../../Engine/Plugins/MetaHuman/MetaHumanAnimator/MetaHuman.uplugin" 526
"../../../Engine/Plugins/MetaHuman/MetaHumanCharacter/MetaHumanCharacter.uplugin" 527
"../../../Engine/Plugins/Media/TmvMedia/TmvMedia.uplugin" 528
"../../../Engine/Plugins/MetaHuman/MetaHumanCoreML/MetaHumanCoreML.uplugin" 529
"../../../Engine/Plugins/MetaHuman/MetaHumanCoreTechLib/MetaHumanCoreTech.uplugin" 530
"../../../Engine/Plugins/MetaHuman/MetaHumanCrowd/MetaHumanCrowd.uplugin" 531
"../../../Engine/Plugins/2D/Paper2D/Paper2D.uplugin" 532
"../../../Engine/Plugins/NNE/NNERuntimeORT/NNERuntimeORT.uplugin" 533
"../../../Engine/Plugins/Portal/LauncherChunkInstaller/LauncherChunkInstaller.uplugin" 534
"../../../Engine/Plugins/MetaHuman/MetaHumanSDK/MetaHumanSDK.uplugin" 535
"../../../Engine/Plugins/AI/HTNPlanner/HTNPlanner.uplugin" 536
"../../../Engine/Plugins/MetaHuman/MetaHumanCalibrationProcessing/MetaHumanCalibrationProcessing.uplugin" 537
"../../../Engine/Plugins/Media/OpusDecoderElectra/OpusDecoderElectra.uplugin" 538
"../../../Engine/Plugins/Media/MediaPlate/MediaPlate.uplugin" 539
"../../../Engine/Plugins/AI/AISupport/AISupport.uplugin" 540
"../../../Engine/Plugins/AI/EnvironmentQueryEditor/EnvironmentQueryEditor.uplugin" 541
"../../../Engine/Plugins/AI/MassCrowd/MassCrowd.uplugin" 542
"../../../Engine/Plugins/Animation/AnimationModifierLibrary/AnimationModifierLibrary.uplugin" 543
"../../../Engine/Plugins/Animation/AnimationWarping/AnimationWarping.uplugin" 544
"../../../Engine/Plugins/AI/MassAI/MassAI.uplugin" 545
"../../../Engine/Plugins/Animation/ACLPlugin/ACLPlugin.uplugin" 546
"../../../Engine/Plugins/Media/MfMedia/MfMedia.uplugin" 547
"../../../Engine/Plugins/Animation/DeformerGraph/DeformerGraph.uplugin" 548
"../../../Engine/Plugins/Animation/ControlRigSpline/ControlRigSpline.uplugin" 549
"../../../Engine/Plugins/Animation/BlendStack/BlendStack.uplugin" 550
"../../../Engine/Plugins/Animation/AnimationLocomotionLibrary/AnimationLocomotionLibrary.uplugin" 551
"../../../Engine/Plugins/Animation/AnimationData/AnimationData.uplugin" 552
"../../../Engine/Plugins/Animation/ControlRig/ControlRig.uplugin" 553
"../../../Engine/Plugins/Animation/AnimatorKit/AnimatorKit.uplugin" 554
"../../../Engine/Plugins/Animation/DNACalib/DNACalib.uplugin" 555
"../../../Engine/Plugins/NNE/NNEDenoiser/NNEDenoiser.uplugin" 556
"../../../Engine/Plugins/Animation/GeneSplicer/GeneSplicer.uplugin" 557
"../../../Engine/Plugins/Animation/EaseCurveTool/EaseCurveTool.uplugin" 558
"../../../Engine/Plugins/Animation/LiveLink/LiveLink.uplugin" 559
"../../../Engine/Plugins/Animation/LiveLinkCurveDebugUI/LiveLinkCurveDebugUI.uplugin" 560
"../../../Engine/Plugins/MetaHuman/MetaHumanLiveLink/MetaHumanLiveLink.uplugin" 561
"../../../Engine/Plugins/Animation/LiveLinkHub/LiveLinkHub.uplugin" 562
"../../../Engine/Plugins/Animation/ControlRigModules/ControlRigModules.uplugin" 563
"../../../Engine/Plugins/Animation/LiveLinkUnrealDevice/LiveLinkUnrealDevice.uplugin" 564
"../../../Engine/Plugins/Animation/GameplayInsights/GameplayInsights.uplugin" 565
"../../../Engine/Plugins/Animation/LiveLinkExampleDevice/LiveLinkExampleDevice.uplugin" 566
"../../../Engine/Plugins/Animation/PhysicsControl/PhysicsControl.uplugin" 567
"../../../Engine/Plugins/Animation/MotionWarping/MotionWarping.uplugin" 568
"../../../Engine/Plugins/Animation/PoseSearch/PoseSearch.uplugin" 569
"../../../Engine/Plugins/Animation/LiveLinkGenericRecordingDevice/LiveLinkGenericRecordingDevice.uplugin" 570
"../../../Engine/Plugins/AI/MLAdapter/MLAdapter.uplugin" 571
"../../../Engine/Plugins/Animation/SkeletalMeshModelingTools/SkeletalMeshModelingTools.uplugin" 572
"../../../Engine/Plugins/Cameras/EngineCameras/EngineCameras.uplugin" 573
"../../../Engine/Plugins/Animation/BlendSpaceMotionAnalysis/BlendSpaceMotionAnalysis.uplugin" 574
"../../../Engine/Plugins/Cameras/CameraShakePreviewer/CameraShakePreviewer.uplugin" 575
"../../../Engine/Plugins/Compositing/CompositeCore/CompositeCore.uplugin" 576
"../../../Engine/Plugins/Compositing/Composite/Composite.uplugin" 577
"../../../Engine/Plugins/Cameras/GameplayCameras/GameplayCameras.uplugin" 578
"../../../Engine/Plugins/Compositing/OpenCVLensDistortion/OpenCVLensDistortion.uplugin" 579
"../../../Engine/Plugins/Compositing/ComposureShared/ComposureShared.uplugin" 580
"../../../Engine/Plugins/Animation/LiveLinkDevice/LiveLinkDevice.uplugin" 581
"../../../Engine/Plugins/Compositing/HoldoutComposite/HoldoutComposite.uplugin" 582
"../../../Engine/Plugins/Animation/RigLogic/RigLogic.uplugin" 583
"../../../Engine/Plugins/Developer/DirectoryPlaceholder/DirectoryPlaceholder.uplugin" 584
"../../../Engine/Plugins/Compositing/LensDistortion/LensDistortion.uplugin" 585
"../../../Engine/Plugins/Developer/BlankPlugin/BlankPlugin.uplugin" 586
"../../../Engine/Plugins/Developer/DumpGPUServices/DumpGPUServices.uplugin" 587
"../../../Engine/Plugins/Developer/FieldNotificationTrace/FieldNotificationTrace.uplugin" 588
"../../../Engine/Plugins/Animation/PerformanceCaptureCore/PerformanceCaptureCore.uplugin" 589
"../../../Engine/Plugins/Compositing/OpenColorIO/OpenColorIO.uplugin" 590
"../../../Engine/Plugins/Developer/GitSourceControl/GitSourceControl.uplugin" 591
"../../../Engine/Plugins/Animation/IKRig/IKRig.uplugin" 592
"../../../Engine/Plugins/Developer/PerforceSourceControl/PerforceSourceControl.uplugin" 593
"../../../Engine/Plugins/Developer/CLionSourceCodeAccess/CLionSourceCodeAccess.uplugin" 594
"../../../Engine/Plugins/Developer/N10XSourceCodeAccess/N10XSourceCodeAccess.uplugin" 595
"../../../Engine/Plugins/Developer/NullSourceCodeAccess/NullSourceCodeAccess.uplugin" 596
"../../../Engine/Plugins/Developer/KDevelopSourceCodeAccess/KDevelopSourceCodeAccess.uplugin" 597
"../../../Engine/Plugins/Developer/PropertyAccessNode/PropertyAccessNode.uplugin" 598
"../../../Engine/Plugins/Developer/PluginUtils/PluginUtils.uplugin" 599
"../../../Engine/Plugins/Developer/ProjectLauncher/ProjectLauncher.uplugin" 600
"../../../Engine/Plugins/Developer/PlasticSourceControl/PlasticSourceControl.uplugin" 601
"../../../Engine/Plugins/Developer/GPUReshape/GPUReshape.uplugin" 602
"../../../Engine/Plugins/Developer/PixWinPlugin/PixWinPlugin.uplugin" 603
"../../../Engine/Plugins/Developer/ShaderToolkit/ShaderToolkit.uplugin" 604
"../../../Engine/Plugins/Developer/RenderDocPlugin/RenderDocPlugin.uplugin" 605
"../../../Engine/Plugins/Developer/CodeLiteSourceCodeAccess/CodeLiteSourceCodeAccess.uplugin" 606
"../../../Engine/Plugins/Developer/NamingTokens/NamingTokens.uplugin" 607
"../../../Engine/Plugins/Developer/SubversionSourceControl/SubversionSourceControl.uplugin" 608
"../../../Engine/Plugins/Editor/AssetManagerEditor/AssetManagerEditor.uplugin" 609
"../../../Engine/Plugins/Developer/XCodeSourceCodeAccess/XCodeSourceCodeAccess.uplugin" 610
"../../../Engine/Plugins/Developer/TraceSourceFiltering/TraceSourceFilters.uplugin" 611
"../../../Engine/Plugins/Developer/XcodeGPUDebuggerPlugin/XcodeGPUDebuggerPlugin.uplugin" 612
"../../../Engine/Plugins/Editor/AssetReferenceRestrictions/AssetReferenceRestrictions.uplugin" 613
"../../../Engine/Plugins/Developer/AnimationSharing/AnimationSharing.uplugin" 614
"../../../Engine/Plugins/Editor/BlueprintHeaderView/BlueprintHeaderView.uplugin" 615
"../../../Engine/Plugins/Editor/AssetSearch/AssetSearch.uplugin" 616
"../../../Engine/Plugins/Editor/BlueprintMaterialTextureNodes/BlueprintMaterialTextureNodes.uplugin" 617
"../../../Engine/Plugins/Editor/AssetRegistryExport/AssetRegistryExport.uplugin" 618
"../../../Engine/Plugins/Developer/UObjectPlugin/UObjectPlugin.uplugin" 619
"../../../Engine/Plugins/Developer/VisualStudioSourceCodeAccess/VisualStudioSourceCodeAccess.uplugin" 620
"../../../Engine/Plugins/Developer/TextureFormatOodle/TextureFormatOodle.uplugin" 621
"../../../Engine/Plugins/Editor/EditorScriptingUtilities/EditorScriptingUtilities.uplugin" 622
"../../../Engine/Plugins/Animation/TweeningUtils/TweeningUtils.uplugin" 623
"../../../Engine/Plugins/Editor/ColorGrading/ColorGrading.uplugin" 624
"../../../Engine/Plugins/Editor/CurveEditorTools/CurveEditorTools.uplugin" 625
"../../../Engine/Plugins/Compositing/Composure/Composure.uplugin" 626
"../../../Engine/Plugins/Editor/CryptoKeys/CryptoKeys.uplugin" 627
"../../../Engine/Plugins/Editor/EngineAssetDefinitions/EngineAssetDefinitions.uplugin" 628
"../../../Engine/Plugins/Editor/EditorSysConfigAssistant/EditorSysConfigAssistant.uplugin" 629
"../../../Engine/Plugins/Editor/GeometryMode/GeometryMode.uplugin" 630
"../../../Engine/Plugins/Developer/OneSkyLocalizationService/OneSkyLocalizationService.uplugin" 631
"../../../Engine/Plugins/Editor/DisplayClusterLaunch/DisplayClusterLaunch.uplugin" 632
"../../../Engine/Plugins/Editor/LandscapePatch/LandscapePatch.uplugin" 633
"../../../Engine/Plugins/Editor/EditorDebugTools/EditorDebugTools.uplugin" 634
"../../../Engine/Plugins/Developer/RiderSourceCodeAccess/RiderSourceCodeAccess.uplugin" 635
"../../../Engine/Plugins/Editor/ImageWidgets/ImageWidgets.uplugin" 636
"../../../Engine/Plugins/Editor/MakeCookedEditorAsDLC/MakeCookedEditorAsDLC.uplugin" 637
"../../../Engine/Plugins/Editor/GuidedTutorials/GuidedTutorials.uplugin" 638
"../../../Engine/Plugins/Editor/MeshLODToolset/MeshLODToolset.uplugin" 639
"../../../Engine/Plugins/Editor/ConsoleVariablesEditor/ConsoleVariables.uplugin" 640
"../../../Engine/Plugins/Editor/FacialAnimation/FacialAnimation.uplugin" 641
"../../../Engine/Plugins/Editor/MaterialValidation/MaterialValidation.uplugin" 642
"../../../Engine/Plugins/Editor/LiveUpdateForSlate/LiveUpdateForSlate.uplugin" 643
"../../../Engine/Plugins/Editor/MobileLauncherProfileWizard/MobileLauncherProfileWizard.uplugin" 644
"../../../Engine/Plugins/Editor/GameplayTagsEditor/GameplayTagsEditor.uplugin" 645
"../../../Engine/Plugins/Editor/ModelingToolsEditorMode/ModelingToolsEditorMode.uplugin" 646
"../../../Engine/Plugins/Developer/VisualStudioCodeSourceCodeAccess/VisualStudioCodeSourceCodeAccess.uplugin" 647
"../../../Engine/Plugins/Editor/ProxyLODPlugin/ProxyLODPlugin.uplugin" 648
"../../../Engine/Plugins/Editor/SequencerAnimTools/SequencerAnimTools.uplugin" 649
"../../../Engine/Plugins/Editor/MacGraphicsSwitching/MacGraphicsSwitching.uplugin" 650
"../../../Engine/Plugins/Editor/StaticMeshEditorModeling/StaticMeshEditorModeling.uplugin" 651
"../../../Engine/Plugins/Editor/ScriptableToolsEditorMode/ScriptableToolsEditorMode.uplugin" 652
"../../../Engine/Plugins/Editor/UVEditor/UVEditor.uplugin" 653
"../../../Engine/Plugins/Editor/SampleToolsEditorMode/SampleToolsEditorMode.uplugin" 654
"../../../Engine/Plugins/Editor/MaterialAnalyzer/MaterialAnalyzer.uplugin" 655
"../../../Engine/Plugins/Editor/ModelViewViewModelPreview/ModelViewViewModelPreview.uplugin" 656
"../../../Engine/Plugins/Editor/UMGWidgetPreview/UMGWidgetPreview.uplugin" 657
"../../../Engine/Plugins/Enterprise/DataprepEditor/DataprepEditor.uplugin" 658
"../../../Engine/Plugins/Editor/WaveformEditor/WaveformEditor.uplugin" 659
"../../../Engine/Plugins/Editor/DataValidation/DataValidation.uplugin" 660
"../../../Engine/Plugins/Editor/WorldPartitionHLODUtilities/WorldPartitionHLODUtilities.uplugin" 661
"../../../Engine/Plugins/Editor/ChangelistReview/ChangelistReview.uplugin" 662
"../../../Engine/Plugins/Editor/SpeedTreeImporter/SpeedTreeImporter.uplugin" 663
"../../../Engine/Plugins/Editor/MaterialAssetWizard/MaterialAssetWizard.uplugin" 664
"../../../Engine/Plugins/Enterprise/LidarPointCloud/LidarPointCloud.uplugin" 665
"../../../Engine/Plugins/Enterprise/AxFImporter/AxFImporter.uplugin" 666
"../../../Engine/Plugins/Enterprise/MDLImporter/MDLImporter.uplugin" 667
"../../../Engine/Plugins/Enterprise/VariantManagerContent/VariantManagerContent.uplugin" 668
"../../../Engine/Plugins/Enterprise/DatasmithC4DImporter/DatasmithC4DImporter.uplugin" 669
"../../../Engine/Plugins/Enterprise/DatasmithFBXImporter/DatasmithFBXImporter.uplugin" 670
"../../../Engine/Plugins/Editor/PluginBrowser/PluginBrowser.uplugin" 671
"../../../Engine/Plugins/Enterprise/VariantManager/VariantManager.uplugin" 672
"../../../Engine/Plugins/Enterprise/DatasmithContent/DatasmithContent.uplugin" 673
"../../../Engine/Plugins/Importers/USDImporterMDL/USDImporterMDL.uplugin" 674
"../../../Engine/Plugins/Enterprise/GLTFExporter/GLTFExporter.uplugin" 675
"../../../Engine/Plugins/Importers/USDImporter/USDImporter.uplugin" 676
"../../../Engine/Plugins/Enterprise/DatasmithCADImporter/DatasmithCADImporter.uplugin" 677
"../../../Engine/Plugins/Importers/AlembicImporter/AlembicImporter.uplugin" 678
"../../../Engine/Plugins/Importers/USDMultiUser/USDMultiUser.uplugin" 679
"../../../Engine/Plugins/Enterprise/DatasmithImporter/DatasmithImporter.uplugin" 680
"../../../Engine/Plugins/Messaging/TcpMessaging/TcpMessaging.uplugin" 681
"../../../Engine/Plugins/Messaging/UdpMessaging/UdpMessaging.uplugin" 682
"../../../Engine/Plugins/NetcodeUnitTest/NetcodeUnitTest/NetcodeUnitTest.uplugin" 683
"../../../Engine/Plugins/Messaging/MessagingDebugger/MessagingDebugger.uplugin" 684
"../../../Engine/Plugins/Online/OnlineBase/OnlineBase.uplugin" 685
"../../../Engine/Plugins/Online/EOSShared/EOSShared.uplugin" 686
"../../../Engine/Plugins/Online/OnlineFramework/OnlineFramework.uplugin" 687
"../../../Engine/Plugins/Messaging/MessagingInsights/MessagingInsights.uplugin" 688
"../../../Engine/Plugins/NetcodeUnitTest/NUTUnrealEngine/NUTUnrealEngine.uplugin" 689
"../../../Engine/Plugins/Online/OnlineServicesEOS/OnlineServicesEOS.uplugin" 690
"../../../Engine/Plugins/Importers/AlembicHairImporter/AlembicHairImporter.uplugin" 691
"../../../Engine/Plugins/Online/OnlineServicesNull/OnlineServicesNull.uplugin" 692
"../../../Engine/Plugins/Online/OnlineServicesEpicCommon/OnlineServicesEpicCommon.uplugin" 693
"../../../Engine/Plugins/Editor/StylusInput/StylusInput.uplugin" 694
"../../../Engine/Plugins/Online/EOSOverlayInputProvider/EOSOverlayInputProvider.uplugin" 695
"../../../Engine/Plugins/Online/OnlineServicesOSSAdapter/OnlineServicesOSSAdapter.uplugin" 696
"../../../Engine/Plugins/Online/OnlineSubsystemAmazon/OnlineSubsystemAmazon.uplugin" 697
"../../../Engine/Plugins/Online/OnlineSubsystemGoogle/OnlineSubsystemGoogle.uplugin" 698
"../../../Engine/Plugins/Online/OnlineFrameworkCommon/OnlineFrameworkCommon.uplugin" 699
"../../../Engine/Plugins/Online/OnlineSubsystemSteam/OnlineSubsystemSteam.uplugin" 700
"../../../Engine/Plugins/Online/OnlineSubsystemEOS/OnlineSubsystemEOS.uplugin" 701
"../../../Engine/Plugins/Online/OnlineSubsystemTencent/OnlineSubsystemTencent.uplugin" 702
"../../../Engine/Plugins/Online/OnlineSubsystemFacebook/OnlineSubsystemFacebook.uplugin" 703
"../../../Engine/Plugins/Online/SocketSubsystemSteamIP/SocketSubsystemSteamIP.uplugin" 704
"../../../Engine/Plugins/Slate/SlateInsights/SlateInsights.uplugin" 705
"../../../Engine/Plugins/Slate/SlateScripting/SlateScripting.uplugin" 706
"../../../Engine/Plugins/Online/OnlineSubsystemUtils/OnlineSubsystemUtils.uplugin" 707
"../../../Engine/Plugins/Online/OnlineSubsystem/OnlineSubsystem.uplugin" 708
"../../../Engine/Plugins/Online/OnlineServices/OnlineServices.uplugin" 709
"../../../Engine/Plugins/Web/HttpBlueprint/HttpBlueprint.uplugin" 710
"../../../Engine/Plugins/Online/OnlineSubsystemApple/OnlineSubsystemApple.uplugin" 711
"../../../Engine/Plugins/Runtime/Analytics/Adjust/Adjust.uplugin" 712
"../../../Engine/Plugins/Online/WebAuth/WebAuth.uplugin" 713
"../../../Engine/Plugins/Online/OnlineSubsystemNull/OnlineSubsystemNull.uplugin" 714
"../../../Engine/Plugins/Online/SocketSubsystemEOS/SocketSubsystemEOS.uplugin" 715
"../../../Engine/Plugins/Runtime/Analytics/FileLogging/FileLogging.uplugin" 716
"../../../Engine/Plugins/Runtime/Windows/MSGameStore/MSGameStore.uplugin" 717
"../../../Engine/Plugins/Runtime/Analytics/AnalyticsMulticast/AnalyticsMulticast.uplugin" 718
"../../../Engine/Plugins/Runtime/MeshReconstruction/DummyMeshReconstructor/DummyMeshReconstructor.uplugin" 719
"../../../Engine/Plugins/Runtime/Windows/MSGamingSupport/MSGamingSupport.uplugin" 720
"../../../Engine/Plugins/Online/OnlineServicesEOSGS/OnlineServicesEOSGS.uplugin" 721
"../../../Engine/Plugins/Runtime/Windows/MSGamingRuntime/MSGamingRuntime.uplugin" 722
"../../../Engine/Plugins/Runtime/Windows/WinDualShock/WinDualShock.uplugin" 723
"../../../Engine/Plugins/Runtime/Windows/MSGameOSSSelector/MSGameOSSSelector.uplugin" 724
"../../../Engine/Plugins/Experimental/Enterprise/DatasmithRuntime/DatasmithRuntime.uplugin" 725
"../../../Engine/Plugins/VirtualProduction/DMX/DMXEngine/DMXEngine.uplugin" 726
"../../../Engine/Plugins/Runtime/Windows/XInputDevice/XInputDevice.uplugin" 727
"../../../Engine/Plugins/Experimental/Enterprise/DatasmithInterchange/DatasmithInterchange.uplugin" 728
"../../../Engine/Plugins/Experimental/Enterprise/DataprepGeometryOperations/DataprepGeometryOperations.uplugin" 729
"../../../Engine/Plugins/VirtualProduction/DMX/DMXFixtures/DMXFixtures.uplugin" 730
"../../../Engine/Plugins/VirtualProduction/DMX/DMXControlConsole/DMXControlConsole.uplugin" 731
"../../../Engine/Plugins/VirtualProduction/DMX/DMXModularFeatures/DMXModularFeatures.uplugin" 732
"../../../Engine/Plugins/Runtime/Windows/WinVirtualKeyboard/WinVirtualKeyboard.uplugin" 733
"../../../Engine/Plugins/Online/Microsoft/OnlineServicesXbl/OnlineServicesXbl.uplugin" 734
"../../../Engine/Plugins/VirtualProduction/DMX/DatasmithMVR/DatasmithMVR.uplugin" 735
"../../../Engine/Plugins/Online/Microsoft/OnlineSubsystemGDK/OnlineSubsystemGDK.uplugin" 736
"../../../Engine/Plugins/Runtime/Steam/SteamController/SteamController.uplugin" 737
"../../../Engine/Plugins/Runtime/Steam/SteamSockets/SteamSockets.uplugin" 738
"../../../Engine/Plugins/Runtime/Steam/SteamShared/SteamShared.uplugin" 739
"../../../Engine/Plugins/VirtualProduction/DMX/DMXGDTF/DMXGDTF.uplugin" 740
"../../../Engine/Plugins/Experimental/UAF/UAFChooser/UAFChooser.uplugin" 741
"../../../Engine/Plugins/Experimental/NNE/NNEModelTests/NNEModelTests.uplugin" 742
"../../../Engine/Plugins/Runtime/Steam/SteamAudio/SteamAudio.uplugin" 743
"../../../Engine/Plugins/Experimental/UAF/UAFAnimGraph/UAFAnimGraph.uplugin" 744
"../../../Engine/Plugins/VirtualProduction/DMX/DMXPixelMapping/DMXPixelMapping.uplugin" 745
"../../../Engine/Plugins/VirtualProduction/DMX/DMXDisplayCluster/DMXDisplayCluster.uplugin" 746
"../../../Engine/Plugins/Experimental/UAF/UAFLayering/UAFLayering.uplugin" 747
"../../../Engine/Plugins/Experimental/UAF/UAFAnimNode/UAFAnimNode.uplugin" 748
"../../../Engine/Plugins/Experimental/UAF/UAFControlRig/UAFControlRig.uplugin" 749
"../../../Engine/Plugins/VirtualProduction/DMX/DMXProtocol/DMXProtocol.uplugin" 750
"../../../Engine/Plugins/Runtime/Analytics/AnalyticsBlueprintLibrary/AnalyticsBlueprintLibrary.uplugin" 751
"../../../Engine/Plugins/Online/Microsoft/PlayFabParty/PlayFabParty.uplugin" 752
"../../../Engine/Plugins/Experimental/UAF/UAFSharedAssets/UAFSharedAssets.uplugin" 753
"../../../Engine/Plugins/Experimental/UAF/UAFStateTree/UAFStateTree.uplugin" 754
"../../../Engine/Plugins/Experimental/UAF/UAFPoseSearch/UAFPoseSearch.uplugin" 755
"../../../Engine/Plugins/Online/Microsoft/GDKNetDriver/GDKNetDriver.uplugin" 756
"../../../Engine/Plugins/Experimental/UAF/UAFMirroring/UAFMirroring.uplugin" 757
"../../../Engine/Plugins/Experimental/UAF/UAF/UAF.uplugin" 758
"../../../Engine/Plugins/Experimental/UAF/UAFWarping/UAFWarping.uplugin" 759
"../../../Engine/Plugins/Experimental/UAF/UAFTestSuites/UAFTestSuites.uplugin" 760
"../../../Engine/Plugins/Experimental/UAF/UAFMass/UAFMass.uplugin" 761
"../../../Engine/Plugins/Runtime/Microsoft/GDKPackageChunkInstall/GDKPackageChunkInstall.uplugin" 762
"../../../Engine/Plugins/Runtime/PacketHandlers/DTLSHandlerComponent/DTLSHandlerComponent.uplugin" 763
"../../../Engine/Plugins/Experimental/Web/WebAPI/WebAPI.uplugin" 764
"../../../Engine/Plugins/Runtime/PacketHandlers/AESHandlerComponent/AESHandlerComponent.uplugin" 765
"../../../Engine/Plugins/Experimental/PCGInterops/PCGInstancedActorsInterop/PCGInstancedActorsInterop.uplugin" 766
"../../../Engine/Plugins/Experimental/PCGInterops/PCGNaniteAssembliesInterop/PCGNaniteAssembliesInterop.uplugin" 767
"../../../Engine/Plugins/Experimental/PCGInterops/PCGWaterInterop/PCGWaterInterop.uplugin" 768
"../../../Engine/Plugins/Experimental/PCGInterops/PCGNiagaraInterop/PCGNiagaraInterop.uplugin" 769
"../../../Engine/Plugins/Experimental/VirtualProduction/LedWallCalibration/LedWallCalibration.uplugin" 770
"../../../Engine/Plugins/Animation/AudioDrivenAnimation/StreamingADA/StreamingADA.uplugin" 771
"../../../Engine/Plugins/Developer/Sandbox/FileSandbox/FileSandbox.uplugin" 772
"../../../Engine/Plugins/Experimental/VirtualProduction/VPRoles/VPRoles.uplugin" 773
"../../../Engine/Plugins/Experimental/VirtualProduction/VPSettings/VPSettings.uplugin" 774
"../../../Engine/Plugins/Runtime/Nvidia/GeForceNOWWrapper/GeForceNOWWrapper.uplugin" 775
"../../../Engine/Plugins/Experimental/PCGInterops/PCGFastGeoInterop/PCGFastGeoInterop.uplugin" 776
"../../../Engine/Plugins/Editor/ObjectMixer/LightMixer/LightMixer.uplugin" 777
"../../../Engine/Plugins/Runtime/Nvidia/Reflex/Reflex.uplugin" 778
"../../../Engine/Plugins/Editor/ObjectMixer/ObjectMixer/ObjectMixer.uplugin" 779
"../../../Engine/Plugins/Developer/Concert/ConcertMain/ConcertMain.uplugin" 780
"../../../Engine/Plugins/Online/VoiceChat/EOSVoiceChat/EOSVoiceChat.uplugin" 781
"../../../Engine/Plugins/Experimental/Animation/AnimDatabase/AnimDatabase.uplugin" 782
"../../../Engine/Plugins/Runtime/XR/XRVisualization/XRVisualization.uplugin" 783
"../../../Engine/Plugins/Runtime/Advertising/IOSTapJoy/IOSTapJoy.uplugin" 784
"../../../Engine/Plugins/Runtime/XR/XRScribe/XRScribe.uplugin" 785
"../../../Engine/Plugins/Developer/Sandbox/SandboxedEditing/SandboxedEditing.uplugin" 786
"../../../Engine/Plugins/Runtime/Microsoft/GDKVirtualKeyboard/GDKVirtualKeyboard.uplugin" 787
"../../../Engine/Plugins/Online/VoiceChat/VoiceChat/VoiceChat.uplugin" 788
"../../../Engine/Plugins/Experimental/Animation/AnimGen/AnimGen.uplugin" 789
"../../../Engine/Plugins/Experimental/Animation/ContextualAnimation/ContextualAnimation.uplugin" 790
"../../../Engine/Plugins/Experimental/Animation/Locomotor/Locomotor.uplugin" 791
"../../../Engine/Plugins/Experimental/Animation/AnimationLayering/AnimationLayering.uplugin" 792
"../../../Engine/Plugins/Experimental/Animation/HierarchyTable/HierarchyTable.uplugin" 793
"../../../Engine/Plugins/Experimental/Animation/RelativeIKOp/RelativeIKOp.uplugin" 794
"../../../Engine/Plugins/Experimental/Animation/TrajectoryTools/TrajectoryTools.uplugin" 795
"../../../Engine/Plugins/Experimental/Animation/MotionTrajectory/MotionTrajectory.uplugin" 796
"../../../Engine/Plugins/Online/IOS/OnlineSubsystemIOS/OnlineSubsystemIOS.uplugin" 797
"../../../Engine/Plugins/Experimental/Animation/RigMapperOp/RigMapperOp.uplugin" 798
"../../../Engine/Plugins/Experimental/Animation/DirectMeshControl/DirectMeshControl.uplugin" 799
"../../../Engine/Plugins/Experimental/InterchangeAxF/Assets/InterchangeAxfAssets.uplugin" 800
"../../../Engine/Plugins/Experimental/Animation/SkeletalMeshMorphTargetEditingTools/SkeletalMeshMorphTargetEditingTools.uplugin" 801
"../../../Engine/Plugins/Experimental/Animation/Optimus/Optimus.uplugin" 802
"../../../Engine/Plugins/Animation/MLDeformer/MLDeformerFramework/MLDeformerFramework.uplugin" 803
"../../../Engine/Plugins/Animation/MLDeformer/ChaosClothGenerator/ChaosClothGenerator.uplugin" 804
"../../../Engine/Plugins/Experimental/Animation/RigMapper/RigMapper.uplugin" 805
"../../../Engine/Plugins/Animation/MLDeformer/NearestNeighborModel/NearestNeighborModel.uplugin" 806
"../../../Engine/Plugins/Animation/MLDeformer/VertexDeltaModel/VertexDeltaModel.uplugin" 807
"../../../Engine/Plugins/Animation/MLDeformer/ChaosFleshGenerator/ChaosFleshGenerator.uplugin" 808
"../../../Engine/Plugins/Editor/ContentBrowser/ContentBrowserAliasDataSource/ContentBrowserAliasDataSource.uplugin" 809
"../../../Engine/Plugins/Editor/ContentBrowser/ContentBrowserClassDataSource/ContentBrowserClassDataSource.uplugin" 810
"../../../Engine/Plugins/Experimental/CharacterFXEditor/ExampleCharacterFXEditor/ExampleCharacterFXEditor.uplugin" 811
"../../../Engine/Plugins/Animation/MLDeformer/NeuralMorphModel/NeuralMorphModel.uplugin" 812
"../../../Engine/Plugins/Experimental/Animation/HierarchyTableAnimation/HierarchyTableAnimation.uplugin" 813
"../../../Engine/Plugins/Experimental/Microsoft/GDKPlatformDLC/GDKPlatformDLC.uplugin" 814
"../../../Engine/Plugins/VirtualProduction/Rivermax/RivermaxCore/RivermaxCore.uplugin" 815
"../../../Engine/Plugins/Experimental/Animation/Scribble/Scribble.uplugin" 816
"../../../Engine/Plugins/VirtualProduction/CaptureManager/CaptureManagerEditor/CaptureManagerEditor.uplugin" 817
"../../../Engine/Plugins/Editor/ContentBrowser/ContentBrowserFileDataSource/ContentBrowserFileDataSource.uplugin" 818
"../../../Engine/Plugins/VirtualProduction/CaptureManager/CaptureManagerApp/CaptureManagerApp.uplugin" 819
"../../../Engine/Plugins/VirtualProduction/CaptureManager/CaptureManagerDevices/CaptureManagerDevices.uplugin" 820
"../../../Engine/Plugins/Editor/ContentBrowser/ContentBrowserAssetDataSource/ContentBrowserAssetDataSource.uplugin" 821
"../../../Engine/Plugins/Runtime/PacketHandlers/AESGCMHandlerComponent/AESGCMHandlerComponent.uplugin" 822
"../../../Engine/Plugins/Experimental/CharacterFXEditor/BaseCharacterFXEditor/BaseCharacterFXEditor.uplugin" 823
"../../../Engine/Plugins/VirtualProduction/Rivermax/RivermaxSync/RivermaxSync.uplugin" 824
"../../../Engine/Plugins/Experimental/Toolsets/ConfigSettingsToolset/ConfigSettingsToolset.uplugin" 825
"../../../Engine/Plugins/Experimental/Toolsets/ChaosClothAssetToolset/ChaosClothAssetToolset.uplugin" 826
"../../../Engine/Plugins/Experimental/InterchangeAxF/Runtime/InterchangeAxF.uplugin" 827
"../../../Engine/Plugins/Experimental/Toolsets/DataflowAgent/DataflowAgent.uplugin" 828
"../../../Engine/Plugins/VirtualProduction/CaptureManager/CaptureManagerCore/CaptureManagerCore.uplugin" 829
"../../../Engine/Plugins/Experimental/Animation/CurveExpression/CurveExpression.uplugin" 830
"../../../Engine/Plugins/Experimental/Toolsets/ConversationToolset/ConversationToolset.uplugin" 831
"../../../Engine/Plugins/VirtualProduction/Rivermax/RivermaxMedia/RivermaxMedia.uplugin" 832
"../../../Engine/Plugins/Experimental/Toolsets/DataRegistryToolset/DataRegistryToolset.uplugin" 833
"../../../Engine/Plugins/Experimental/Toolsets/AIModuleToolset/AIModuleToolset.uplugin" 834
"../../../Engine/Plugins/Experimental/Toolsets/GameFeaturesToolset/GameFeaturesToolset.uplugin" 835
"../../../Engine/Plugins/Experimental/Toolsets/AllToolsets/AllToolsets.uplugin" 836
"../../../Engine/Plugins/Experimental/Toolsets/AnimationAssistantToolset/AnimationAssistantToolset.uplugin" 837
"../../../Engine/Plugins/Experimental/Toolsets/LiveCodingToolset/LiveCodingToolset.uplugin" 838
"../../../Engine/Plugins/Experimental/Toolsets/MCPClientToolset/MCPClientToolset.uplugin" 839
"../../../Engine/Plugins/Experimental/Toolsets/GASToolsets/GASToolsets.uplugin" 840
"../../../Engine/Plugins/Experimental/Toolsets/GameplayTagsToolset/GameplayTagsToolset.uplugin" 841
"../../../Engine/Plugins/Experimental/Toolsets/PCGToolset/PCGToolset.uplugin" 842
"../../../Engine/Plugins/Experimental/Toolsets/MVVMToolset/MVVMToolset.uplugin" 843
"../../../Engine/Plugins/Experimental/Toolsets/SlateInspectorToolset/SlateInspectorToolset.uplugin" 844
"../../../Engine/Plugins/Experimental/Toolsets/MetaHumanGenerator/MetaHumanGenerator.uplugin" 845
"../../../Engine/Plugins/Experimental/Toolsets/SequencerAnimMixerToolset/SequencerAnimMixerToolset.uplugin" 846
"../../../Engine/Plugins/Experimental/Toolsets/WorldConditionsToolset/WorldConditionsToolset.uplugin" 847
"../../../Engine/Plugins/Experimental/Toolsets/EditorToolset/EditorToolset.uplugin" 848
"../../../Engine/Plugins/Interchange/Extensions/ChaosClothAsset/InterchangeChaosClothAsset.uplugin" 849
"../../../Engine/Plugins/Experimental/Toolsets/SemanticSearchToolset/SemanticSearchToolset.uplugin" 850
"../../../Engine/Plugins/Interchange/Extensions/OpenVDB/InterchangeOpenVDB.uplugin" 851
"../../../Engine/Plugins/Experimental/Toolsets/StateTreeToolset/StateTreeToolset.uplugin" 852
"../../../Engine/Plugins/Experimental/Toolsets/PluginToolset/PluginToolset.uplugin" 853
"../../../Engine/Plugins/Runtime/Database/DatabaseSupport/DatabaseSupport.uplugin" 854
"../../../Engine/Plugins/Runtime/AR/ARUtilities/ARUtilities.uplugin" 855
"../../../Engine/Plugins/Experimental/AVCodecs/AMFCodecs/AMFCodecs.uplugin" 856
"../../../Engine/Plugins/Runtime/Database/SQLiteCore/SQLiteCore.uplugin" 857
"../../../Engine/Plugins/Interchange/Extensions/OpenUSDChaosClothAsset/InterchangeOpenUSDChaosClothAsset.uplugin" 858
"../../../Engine/Plugins/Experimental/AVCodecs/VTCodecs/VTCodecs.uplugin" 859
"../../../Engine/Plugins/Runtime/Database/SQLiteSupport/SQLiteSupport.uplugin" 860
"../../../Engine/Plugins/Experimental/MetaHuman/MetaHumanCalibrationDiagnostics/MetaHumanCalibrationDiagnostics.uplugin" 861
"../../../Engine/Plugins/Experimental/AVCodecs/LibVpxCodecs/LibVpxCodecs.uplugin" 862
"../../../Engine/Plugins/Experimental/Toolsets/NiagaraToolsets/NiagaraToolsets.uplugin" 863
"../../../Engine/Plugins/Experimental/MetaHuman/MetaHumanCharacterUAF/MetaHumanCharacterUAF.uplugin" 864
"../../../Engine/Plugins/Experimental/Toolsets/AutomationTestToolset/AutomationTestToolset.uplugin" 865
"../../../Engine/Plugins/Experimental/MetaHuman/MetaHumanRuntime/MetaHumanRuntime.uplugin" 866
"../../../Engine/Plugins/Editor/Localization/PortableObjectFileDataSource/PortableObjectFileDataSource.uplugin" 867
"../../../Engine/Plugins/Interchange/Extensions/OpenUSD/InterchangeOpenUSD.uplugin" 868
"../../../Engine/Plugins/Experimental/AVCodecs/AVCodecsCore/AVCodecsCore.uplugin" 869
"../../../Engine/Plugins/Online/Android/AndroidFetchBackgroundDownload/AndroidFetchBackgroundDownload.uplugin" 870
"../../../Engine/Plugins/Experimental/AVCodecs/NVCodecs/NVCodecs.uplugin" 871
"../../../Engine/Plugins/Experimental/AVCodecs/WMFCodecs/WMFCodecs.uplugin" 872
"../../../Engine/Plugins/Runtime/Database/RemoteDatabaseSupport/RemoteDatabaseSupport.uplugin" 873
"../../../Engine/Plugins/Developer/Concert/ConcertScripting/ConcertReplicationScripting/ConcertReplicationScripting.uplugin" 874
"../../../Engine/Plugins/Experimental/Toolsets/PhysicsToolsets/PhysicsToolsets.uplugin" 875
"../../../Engine/Plugins/Developer/Concert/ConcertInsights/ConcertInsightsServer/ConcertInsightsServer.uplugin" 876
"../../../Engine/Plugins/Developer/Concert/ConcertInsights/ConcertInsightsClient/ConcertInsightsClient.uplugin" 877
"../../../Engine/Plugins/Experimental/Animation/MLDeformer/DetailPoseModel/DetailPoseModel.uplugin" 878
"../../../Engine/Plugins/Developer/Concert/ConcertInsights/ConcertInsightsCore/ConcertInsightsCore.uplugin" 879
"../../../Engine/Plugins/Developer/Concert/ConcertApp/MultiUserClient/MultiUserClient.uplugin" 880
"../../../Engine/Plugins/Developer/Concert/ConcertInsights/ConcertInsightsVisualizer/ConcertInsightsVisualizer.uplugin" 881
"../../../Engine/Plugins/Developer/Concert/ConcertApp/DisasterRecoveryClient/DisasterRecoveryClient.uplugin" 882
"../../../Engine/Plugins/Developer/Concert/ConcertUI/ConcertClientSharedSlate/ConcertClientSharedSlate.uplugin" 883
"../../../Engine/Plugins/Experimental/Toolsets/UMGToolSet/UMGToolSet.uplugin" 884
"../../../Engine/Plugins/Developer/Concert/ConcertSync/ConcertSyncServer/ConcertSyncServer.uplugin" 885
"../../../Engine/Plugins/Developer/Concert/ConcertUI/ConcertSharedSlate/ConcertSharedSlate.uplugin" 886
"../../../Engine/Plugins/Developer/Concert/ConcertSync/ConcertSyncClient/ConcertSyncClient.uplugin" 887
"../../../Engine/Plugins/Online/Android/OnlineSubsystemGooglePlay/OnlineSubsystemGooglePlay.uplugin" 888
"../../../Engine/Plugins/Runtime/AR/Google/GoogleARCoreServices/GoogleARCoreServices.uplugin" 889
"../../../Engine/Plugins/Runtime/AR/Google/GoogleARCore/GoogleARCore.uplugin" 890
"../../../Engine/Plugins/Runtime/AR/AppleAR/AppleARKit/AppleARKit.uplugin" 891
"../../../Engine/Plugins/Developer/Concert/ConcertSync/ConcertSyncCore/ConcertSyncCore.uplugin" 892
"../../../Engine/Plugins/Developer/Concert/ConcertSync/ConcertSyncTest/ConcertSyncTest.uplugin" 893
"../../../Engine/Plugins/Runtime/AR/AppleAR/AppleARKitFaceSupport/AppleARKitFaceSupport.uplugin" 894
"../../../Engine/Plugins/Developer/Concert/ConcertApp/MultiUserServer/MultiUserServer.uplugin" 895
"../../../Engine/Platforms/Android/Plugins/Animation/ACLPlugin/ACLPlugin_Android.uplugin" 896
"../../../Engine/Platforms/Android/Plugins/Animation/RigLogic/RigLogic_Android.uplugin" 897
"../../../Engine/Platforms/IOS/Plugins/Animation/RigLogic/RigLogic_IOS.uplugin" 898
"../../../Engine/Content/Internationalization/icudt64l/cnvalias.icu" 899
"../../../Engine/Content/Internationalization/icudt64l/res_index.res" 900
"../../../Engine/Content/Internationalization/icudt64l/plurals.res" 901
"../../../Engine/Content/Internationalization/icudt64l/lang/pt.res" 902
"../../../Engine/Content/Internationalization/icudt64l/lang/pool.res" 903
"../../../Engine/Content/Internationalization/icudt64l/lang/root.res" 904
"../../../Engine/Content/Internationalization/icudt64l/region/pt.res" 905
"../../../Engine/Content/Internationalization/icudt64l/region/pool.res" 906
"../../../Engine/Content/Internationalization/icudt64l/region/root.res" 907
"../../../Engine/Content/Internationalization/icudt64l/lang/en.res" 908
"../../../Engine/Content/Internationalization/icudt64l/region/en.res" 909
"../../../Engine/Content/Internationalization/icudt64l/windowsZones.res" 910
"../../../Engine/Content/Internationalization/icudt64l/zoneinfo64.res" 911
"../../../Engine/Content/Internationalization/icudt64l/keyTypeData.res" 912
"../../../Engine/Content/Internationalization/icudt64l/timezoneTypes.res" 913
"../../../Engine/Content/Internationalization/icudt64l/likelySubtags.res" 914
"../../../Engine/Content/Internationalization/icudt64l/pt_BR.res" 915
"../../../Engine/Content/Internationalization/icudt64l/pool.res" 916
"../../../Engine/Content/Internationalization/icudt64l/pt.res" 917
"../../../Engine/Content/Internationalization/icudt64l/root.res" 918
"../../../Engine/Content/Internationalization/icudt64l/supplementalData.res" 919
"../../../Engine/Config/ConfigRedirects.ini" 920
"C:/Users/luisf/AppData/Local/UnrealEngine/5.8/Saved/Config/WindowsEditor/Manifest.ini" 921
"../../../Engine/Config/BaseEngine.ini" 922
"../../../Engine/Config/Windows/BaseWindowsEngine.ini" 923
"../../../../../../Users/luisf/Documents/pos/test/bochanet/BochaNet/Config/DefaultEngine.ini" 924
"C:/Users/luisf/Documents/pos/test/bochanet/BochaNet/Saved/Config/WindowsEditor/Engine.ini" 925
"../../../Engine/Config/BaseGame.ini" 926
"../../../Engine/Config/Windows/BaseWindowsGame.ini" 927
"../../../../../../Users/luisf/Documents/pos/test/bochanet/BochaNet/Config/DefaultGame.ini" 928
"../../../Engine/Config/Windows/WindowsGame.ini" 929
"C:/Users/luisf/Documents/pos/test/bochanet/BochaNet/Saved/Config/WindowsEditor/Game.ini" 930
"../../../Engine/Config/BaseInput.ini" 931
"../../../Engine/Config/Windows/BaseWindowsInput.ini" 932
"../../../../../../Users/luisf/Documents/pos/test/bochanet/BochaNet/Config/DefaultInput.ini" 933
"../../../Engine/Config/Windows/WindowsInput.ini" 934
"../../../Engine/Config/BaseDeviceProfiles.ini" 935
"../../../Engine/Config/BaseGameUserSettings.ini" 936
"C:/Users/luisf/Documents/pos/test/bochanet/BochaNet/Saved/Config/WindowsEditor/GameUserSettings.ini" 937
"../../../Engine/Config/BaseScalability.ini" 938
"../../../Engine/Config/BaseRuntimeOptions.ini" 939
"../../../Engine/Config/BaseInstallBundle.ini" 940
"../../../Engine/Config/BaseHardware.ini" 941
"../../../Engine/Config/BaseCompat.ini" 942
"../../../Engine/Config/BaseLightmass.ini" 943
"../../../Engine/Config/BaseEditor.ini" 944
"../../../../../../Users/luisf/Documents/pos/test/bochanet/BochaNet/Config/DefaultEditor.ini" 945
"C:/Users/luisf/Documents/pos/test/bochanet/BochaNet/Saved/Config/WindowsEditor/Editor.ini" 946
"../../../Engine/Config/BaseMaterialExpressions.ini" 947
"../../../Engine/Config/BaseEditorPerProjectUserSettings.ini" 948
"../../../../../../Users/luisf/Documents/pos/test/bochanet/BochaNet/Config/DefaultEditorPerProjectUserSettings.ini" 949
"../../../Engine/Config/Windows/WindowsEditorPerProjectUserSettings.ini" 950
"C:/Users/luisf/Documents/pos/test/bochanet/BochaNet/Saved/Config/WindowsEditor/EditorPerProjectUserSettings.ini" 951
"../../../Engine/Config/BaseEditorSettings.ini" 952
"../../../Engine/Config/Windows/WindowsEditorSettings.ini" 953
"C:/Users/luisf/AppData/Local/UnrealEngine/5.8/Saved/Config/WindowsEditor/EditorSettings.ini" 954
"../../../Engine/Config/BaseEditorKeyBindings.ini" 955
"C:/Users/luisf/AppData/Local/UnrealEngine/5.8/Saved/Config/WindowsEditor/EditorLayout.ini" 956
"C:/Program Files/Epic Games/UE_5.8/Engine/Config/BaseEngine.ini" 957
"../../../Engine/Config/IOS/BaseIOSEngine.ini" 958
"../../../Engine/Config/TVOS/TVOSEngine.ini" 959
"../../../Engine/Config/Unix/UnixEngine.ini" 960
"../../../Engine/Config/Android/BaseAndroidEngine.ini" 961
"../../../Engine/Config/Linux/BaseLinuxEngine.ini" 962
"../../../Engine/Config/Android/AndroidEngine.ini" 963
"../../../Engine/Platforms/VisionOS/Config/BaseVisionOSEngine.ini" 964
"../../../Engine/Config/Mac/BaseMacEngine.ini" 965
"../../../Engine/Config/IOS/BaseIOSGame.ini" 966
"../../../Engine/Config/Linux/LinuxEngine.ini" 967
"C:/Program Files/Epic Games/UE_5.8/Engine/Config/Windows/BaseWindowsEngine.ini" 968
"../../../Engine/Config/IOS/IOSGame.ini" 969
"../../../Engine/Platforms/VisionOS/Config/VisionOSEngine.ini" 970
"../../../Engine/Config/Android/BaseAndroidGame.ini" 971
"../../../Engine/Config/IOS/BaseIOSInput.ini" 972
"../../../Engine/Config/Android/BaseAndroidInput.ini" 973
"../../../Engine/Config/Mac/MacGame.ini" 974
"../../../Engine/Config/Mac/BaseMacInput.ini" 975
"../../../Engine/Config/Linux/LinuxGame.ini" 976
"../../../../../../Users/luisf/Documents/pos/test/bochanet/BochaNet/Intermediate/CachedAssetRegistry/CachedAssetRegistry_0.ref" 977
"../../../../../../Users/luisf/Documents/pos/test/bochanet/BochaNet/Intermediate/CachedAssetRegistryDiscovery.bin" 978
"../../../../../../Users/luisf/Documents/pos/test/bochanet/BochaNet/Intermediate/CachedAssetRegistry/CachedAssetRegistry_0_D7725A184C95BDC7464502BEADA28C3D.bin" 979
"../../../Engine/Binaries/Win64/BootstrapPackagedGame-Win64-Shipping.target" 980
"../../../Engine/Binaries/Win64/BuildPatchTool-Win64-Shipping.target" 981
"../../../Engine/Binaries/Win64/CrashReportClient-Win64-Shipping.target" 982
"../../../Engine/Config/Android/AndroidScalability.ini" 983
"../../../Engine/Config/IOS/IOSScalability.ini" 984
"../../../Engine/Binaries/Win64/CrashReportClientEditor-Win64-Shipping.target" 985
"../../../Engine/Binaries/Win64/DatasmithCADWorker.target" 986
"../../../Engine/Binaries/Win64/EpicWebHelper-Win64-Shipping.target" 987
"../../../Engine/Binaries/Win64/InterchangeWorker.target" 988
"../../../Engine/Binaries/Win64/LiveCodingConsole.target" 989
"../../../Engine/Config/Android/BaseAndroidInstallBundle.ini" 990
"../../../Engine/Binaries/Win64/LiveLinkHub.target" 991
"../../../Engine/Config/IOS/BaseIOSInstallBundle.ini" 992
"../../../Engine/Binaries/Win64/ShaderCompileWorker.target" 993
"../../../Engine/Binaries/Win64/SwitchboardListener.target" 994
"../../../Engine/Binaries/Win64/SwitchboardListenerHelper.target" 995
"../../../Engine/Binaries/Win64/UnrealAssetStringify.target" 996
"../../../Engine/Binaries/Win64/UnrealEditor-Win64-DebugGame.target" 997
"../../../Engine/Binaries/Win64/UnrealEditor.target" 998
"../../../Engine/Config/PluginBase.ini" 999
"../../../Engine/Plugins/ChaosVD/Config/DefaultChaosVD.ini" 1000
"../../../Engine/Plugins/EnhancedInput/Config/DefaultEnhancedInput.ini" 1001
"../../../Engine/Plugins/Fab/Config/DefaultFab.ini" 1002
"../../../Engine/Plugins/Mutable/Config/DefaultMutable.ini" 1003
"../../../Engine/Plugins/PCG/Config/DefaultPCG.ini" 1004
"../../../Engine/Plugins/TraceUtilities/Config/DefaultTraceUtilities.ini" 1005
"../../../Engine/Plugins/FX/Niagara/Config/DefaultNiagara.ini" 1006
"../../../Engine/Plugins/Interchange/Assets/Config/DefaultInterchangeAssets.ini" 1007
"../../../Engine/Plugins/Interchange/Runtime/Config/DefaultInterchange.ini" 1008
"../../../Engine/Plugins/Runtime/GameplayStateTree/Config/DefaultGameplayStateTree.ini" 1009
"../../../Engine/Plugins/Runtime/HairStrands/Config/DefaultHairStrands.ini" 1010
"../../../Engine/Plugins/Runtime/Metasound/Config/DefaultMetasound.ini" 1011
"../../../Engine/Plugins/Runtime/ModelViewViewModel/Config/DefaultModelViewViewModel.ini" 1012
"../../../Engine/Plugins/Runtime/PropertyBindingUtils/Config/DefaultPropertyBindingUtils.ini" 1013
"../../../Engine/Plugins/Runtime/RigVM/Config/DefaultRigVM.ini" 1014
"../../../Engine/Plugins/Runtime/Synthesis/Config/DefaultSynthesis.ini" 1015
"../../../Engine/Plugins/Runtime/StateTree/Config/DefaultStateTree.ini" 1016
"../../../Engine/Plugins/Experimental/ControlRigPhysics/Config/DefaultControlRigPhysics.ini" 1017
"../../../Engine/Plugins/Experimental/FullBodyIK/Config/DefaultFullBodyIK.ini" 1018
"../../../Engine/Plugins/Experimental/ToolPresets/Config/DefaultToolPresets.ini" 1019
"../../../Engine/Plugins/VirtualProduction/Takes/Config/DefaultTakes.ini" 1020
"../../../Engine/Plugins/2D/Paper2D/Config/DefaultPaper2D.ini" 1021
"../../../Engine/Plugins/MetaHuman/MetaHumanSDK/Config/DefaultMetaHumanSDK.ini" 1022
"../../../Engine/Plugins/Animation/DeformerGraph/Config/DefaultDeformerGraph.ini" 1023
"../../../Engine/Plugins/Animation/ControlRig/Config/DefaultControlRig.ini" 1024
"../../../Engine/Plugins/Animation/PhysicsControl/Config/DefaultPhysicsControl.ini" 1025
"../../../Engine/Plugins/Animation/RigLogic/Config/DefaultRigLogic.ini" 1026
"../../../Engine/Plugins/Animation/IKRig/Config/DefaultIKRig.ini" 1027
"../../../Engine/Plugins/Compositing/CompositeCore/Config/DefaultCompositeCore.ini" 1028
"../../../Engine/Plugins/Cameras/GameplayCameras/Config/DefaultGameplayCameras.ini" 1029
"../../../Engine/Plugins/Editor/ConsoleVariablesEditor/Config/DefaultConsoleVariables.ini" 1030
"../../../Engine/Plugins/Editor/EditorScriptingUtilities/Config/DefaultEditorScriptingUtilities.ini" 1031
"../../../Engine/Plugins/Enterprise/DatasmithContent/Config/DefaultDatasmithContent.ini" 1032
"../../../Engine/Plugins/Enterprise/GLTFExporter/Config/DefaultGLTFExporter.ini" 1033
"../../../Engine/Plugins/Enterprise/VariantManagerContent/Config/DefaultVariantManagerContent.ini" 1034
"../../../Engine/Plugins/Experimental/Animation/Scribble/Config/DefaultScribble.ini" 1035
"../../../Engine/Plugins/Experimental/InterchangeAxF/Assets/Config/DefaultInterchangeAxfAssets.ini" 1036
"../../../Engine/Plugins/Developer/Concert/ConcertSync/ConcertSyncCore/Config/DefaultConcertSyncCore.ini" 1037
"../../../Engine/Plugins/ChaosVD/Config/Engine.ini" 1038
"../../../Engine/Plugins/EnhancedInput/Config/Input.ini" 1039
"../../../Engine/Plugins/Runtime/InputDebugging/Config/Input.ini" 1040
"../../../Engine/Plugins/Runtime/Windows/XInputDevice/Config/Input.ini" 1041
"../../../Engine/Plugins/PCG/Config/EditorPerProjectUserSettings.ini" 1042
"../../../Engine/Plugins/Runtime/RigVM/Config/Editor.ini" 1043
"../../../Engine/Plugins/Animation/DeformerGraph/Config/Editor.ini" 1044
"../../../Engine/Plugins/Animation/AnimatorKit/Config/Editor.ini" 1045
"../../../Engine/Plugins/Online/OnlineSubsystemUtils/Config/Editor.ini" 1046
"../../../Engine/Plugins/NNE/NNEDenoiser/Config/Game.ini" 1047
"../../../Engine/Plugins/Editor/ModelingToolsEditorMode/Binaries/Win64/UnrealEditor.modules" 1048
"../../../Engine/Plugins/Runtime/MeshModelingToolset/Binaries/Win64/UnrealEditor.modules" 1049
"../../../Engine/Plugins/Experimental/MeshModelingToolsetExp/Binaries/Win64/UnrealEditor.modules" 1050
"../../../Engine/Plugins/Editor/MeshLODToolset/Binaries/Win64/UnrealEditor.modules" 1051
"../../../Engine/Plugins/Experimental/ToolPresets/Binaries/Win64/UnrealEditor.modules" 1052
"../../../Engine/Plugins/Editor/StylusInput/Binaries/Win64/UnrealEditor.modules" 1053
"../../../Engine/Plugins/Runtime/GeometryProcessing/Binaries/Win64/UnrealEditor.modules" 1054
"../../../Engine/Plugins/Editor/ProxyLODPlugin/Binaries/Win64/UnrealEditor.modules" 1055
"../../../Engine/Plugins/Experimental/PlanarCutPlugin/Binaries/Win64/UnrealEditor.modules" 1056
"../../../Engine/Plugins/Runtime/GeometryCache/Binaries/Win64/UnrealEditor.modules" 1057
"../../../Engine/Plugins/Experimental/GeometryFlow/Binaries/Win64/UnrealEditor.modules" 1058
"../../../Engine/Plugins/Editor/EditorScriptingUtilities/Binaries/Win64/UnrealEditor.modules" 1059
"../../../Engine/Plugins/FX/Niagara/Binaries/Win64/UnrealEditor.modules" 1060
"../../../Engine/Plugins/Experimental/PythonScriptPlugin/Binaries/Win64/UnrealEditor.modules" 1061
"../../../Engine/Plugins/Editor/ContentBrowser/ContentBrowserFileDataSource/Binaries/Win64/UnrealEditor.modules" 1062
"../../../Engine/Plugins/Runtime/GameplayStateTree/Binaries/Win64/UnrealEditor.modules" 1063
"../../../Engine/Plugins/Runtime/StateTree/Binaries/Win64/UnrealEditor.modules" 1064
"../../../Engine/Plugins/Animation/GameplayInsights/Binaries/Win64/UnrealEditor.modules" 1065
"../../../Engine/Plugins/Runtime/PropertyAccess/Binaries/Win64/UnrealEditor.modules" 1066
"../../../Engine/Plugins/Runtime/PropertyBindingUtils/Binaries/Win64/UnrealEditor.modules" 1067
"../../../Engine/Plugins/AudioInsights/Binaries/Win64/UnrealEditor.modules" 1068
"../../../Engine/Plugins/Runtime/AudioWidgets/Binaries/Win64/UnrealEditor.modules" 1069
"../../../Engine/Plugins/Runtime/AudioSynesthesia/Binaries/Win64/UnrealEditor.modules" 1070
"../../../Engine/Plugins/AudioInsightsRuntime/Binaries/Win64/UnrealEditor.modules" 1071
"../../../Engine/Plugins/AudioModulationInsights/Binaries/Win64/UnrealEditor.modules" 1072
"../../../Engine/Plugins/Bridge/Binaries/Win64/UnrealEditor.modules" 1073
"../../../Engine/Plugins/MetaHuman/MetaHumanSDK/Binaries/Win64/UnrealEditor.modules" 1074
"../../../Engine/Plugins/Animation/ControlRig/Binaries/Win64/UnrealEditor.modules" 1075
"../../../Engine/Plugins/Runtime/HairStrands/Binaries/Win64/UnrealEditor.modules" 1076
"../../../Engine/Plugins/Animation/RigLogic/Binaries/Win64/UnrealEditor.modules" 1077
"../../../Engine/Plugins/Interchange/Runtime/Binaries/Win64/UnrealEditor.modules" 1078
"../../../Engine/Plugins/Online/EOSShared/Binaries/Win64/UnrealEditor.modules" 1079
"../../../Engine/Plugins/Runtime/RigVM/Binaries/Win64/UnrealEditor.modules" 1080
"../../../Engine/Plugins/MovieScene/LevelSequenceEditor/Binaries/Win64/UnrealEditor.modules" 1081
"../../../Engine/Plugins/MovieScene/SequencerScripting/Binaries/Win64/UnrealEditor.modules" 1082
"../../../Engine/Plugins/Animation/TweeningUtils/Binaries/Win64/UnrealEditor.modules" 1083
"../../../Engine/Plugins/Animation/DeformerGraph/Binaries/Win64/UnrealEditor.modules" 1084
"../../../Engine/Plugins/Dataflow/Binaries/Win64/UnrealEditor.modules" 1085
"../../../Engine/Plugins/Runtime/ComputeFramework/Binaries/Win64/UnrealEditor.modules" 1086
"../../../Engine/Plugins/Enterprise/VariantManagerContent/Binaries/Win64/UnrealEditor.modules" 1087
"../../../Engine/Plugins/Enterprise/VariantManager/Binaries/Win64/UnrealEditor.modules" 1088
"../../../Engine/Plugins/Interchange/Assets/Binaries/Win64/UnrealEditor.modules" 1089
"../../../Engine/Plugins/Experimental/Animation/Scribble/Binaries/Win64/UnrealEditor.modules" 1090
"../../../Engine/Plugins/Experimental/CharacterFXEditor/BaseCharacterFXEditor/Binaries/Win64/UnrealEditor.modules" 1091
"../../../Engine/Plugins/Runtime/ProceduralMeshComponent/Binaries/Win64/UnrealEditor.modules" 1092
"../../../Engine/Plugins/Experimental/ChaosCaching/Binaries/Win64/UnrealEditor.modules" 1093
"../../../Engine/Plugins/Experimental/EditorDataStorage/Binaries/Win64/UnrealEditor.modules" 1094
"../../../Engine/Plugins/Experimental/EditorDataStorageFeatures/Binaries/Win64/UnrealEditor.modules" 1095
"../../../Engine/Plugins/Animation/SkeletalMeshModelingTools/Binaries/Win64/UnrealEditor.modules" 1096
"../../../Engine/Plugins/VirtualProduction/Takes/Binaries/Win64/UnrealEditor.modules" 1097
"../../../Engine/Plugins/Runtime/GeometryScripting/Binaries/Win64/UnrealEditor.modules" 1098
"../../../Engine/Plugins/Runtime/AudioCapture/Binaries/Win64/UnrealEditor.modules" 1099
"../../../Engine/Plugins/Developer/NamingTokens/Binaries/Win64/UnrealEditor.modules" 1100
"../../../Engine/Plugins/Editor/EngineAssetDefinitions/Binaries/Win64/UnrealEditor.modules" 1101
"../../../Engine/Plugins/ChaosCloth/Binaries/Win64/UnrealEditor.modules" 1102
"../../../Engine/Plugins/Experimental/Buoyancy/Binaries/Win64/UnrealEditor.modules" 1103
"../../../Engine/Plugins/Experimental/Water/Binaries/Win64/UnrealEditor.modules" 1104
"../../../Engine/Plugins/Experimental/ChaosUserDataPT/Binaries/Win64/UnrealEditor.modules" 1105
"../../../Engine/Plugins/Experimental/Landmass/Binaries/Win64/UnrealEditor.modules" 1106
"../../../Engine/Plugins/Editor/BlueprintMaterialTextureNodes/Binaries/Win64/UnrealEditor.modules" 1107
"../../../Engine/Plugins/ChaosInsights/Binaries/Win64/UnrealEditor.modules" 1108
"../../../Engine/Plugins/ChaosVD/Binaries/Win64/UnrealEditor.modules" 1109
"../../../Engine/Plugins/CmdLinkServer/Binaries/Win64/UnrealEditor.modules" 1110
"../../../Engine/Plugins/DerivedDataBuildController/Binaries/Win64/UnrealEditor.modules" 1111
"../../../Engine/Plugins/EnhancedInput/Binaries/Win64/UnrealEditor.modules" 1112
"../../../Engine/Plugins/Editor/DataValidation/Binaries/Win64/UnrealEditor.modules" 1113
"../../../Engine/Plugins/Fab/Binaries/Win64/UnrealEditor.modules" 1114
"../../../Engine/Plugins/IoStoreInsights/Binaries/Win64/UnrealEditor.modules" 1115
"../../../Engine/Plugins/MassInsights/Binaries/Win64/UnrealEditor.modules" 1116
"../../../Engine/Plugins/MeshPainting/Binaries/Win64/UnrealEditor.modules" 1117
"../../../Engine/Plugins/Interchange/Editor/Binaries/Win64/UnrealEditor.modules" 1118
"../../../Engine/Plugins/PCG/Binaries/Win64/UnrealEditor.modules" 1119
"../../../Engine/Plugins/RenderGraphInsights/Binaries/Win64/UnrealEditor.modules" 1120
"../../../Engine/Plugins/RenderTraceInsights/Binaries/Win64/UnrealEditor.modules" 1121
"../../../Engine/Plugins/TraceUtilities/Binaries/Win64/UnrealEditor.modules" 1122
"../../../Engine/Plugins/UbaController/Binaries/Win64/UnrealEditor.modules" 1123
"../../../Engine/Plugins/WorldMetrics/Binaries/Win64/UnrealEditor.modules" 1124
"../../../Engine/Plugins/XGEController/Binaries/Win64/UnrealEditor.modules" 1125
"../../../Engine/Plugins/FX/Cascade/Binaries/Win64/UnrealEditor.modules" 1126
"../../../Engine/Plugins/Compression/OodleNetwork/Binaries/Win64/UnrealEditor.modules" 1127
"../../../Engine/Plugins/FX/NiagaraInsights/Binaries/Win64/UnrealEditor.modules" 1128
"../../../Engine/Plugins/FX/NiagaraPreviewContent/Binaries/Win64/UnrealEditor.modules" 1129
"../../../Engine/Plugins/FX/NiagaraSimCaching/Binaries/Win64/UnrealEditor.modules" 1130
"../../../Engine/Plugins/Runtime/ActorLayerUtilities/Binaries/Win64/UnrealEditor.modules" 1131
"../../../Engine/Plugins/Runtime/AndroidFileServer/Binaries/Win64/UnrealEditor.modules" 1132
"../../../Engine/Plugins/Runtime/AndroidDeviceProfileSelector/Binaries/Win64/UnrealEditor.modules" 1133
"../../../Engine/Plugins/Runtime/AndroidPermission/Binaries/Win64/UnrealEditor.modules" 1134
"../../../Engine/Plugins/Runtime/AppleImageUtils/Binaries/Win64/UnrealEditor.modules" 1135
"../../../Engine/Plugins/Runtime/ArchVisCharacter/Binaries/Win64/UnrealEditor.modules" 1136
"../../../Engine/Plugins/Runtime/AssetTags/Binaries/Win64/UnrealEditor.modules" 1137
"../../../Engine/Plugins/Runtime/CableComponent/Binaries/Win64/UnrealEditor.modules" 1138
"../../../Engine/Plugins/Runtime/ChunkDownloader/Binaries/Win64/UnrealEditor.modules" 1139
"../../../Engine/Plugins/Runtime/CustomMeshComponent/Binaries/Win64/UnrealEditor.modules" 1140
"../../../Engine/Plugins/Runtime/ExampleDeviceProfileSelector/Binaries/Win64/UnrealEditor.modules" 1141
"../../../Engine/Plugins/Runtime/InputDebugging/Binaries/Win64/UnrealEditor.modules" 1142
"../../../Engine/Plugins/Runtime/IOSDeviceProfileSelector/Binaries/Win64/UnrealEditor.modules" 1143
"../../../Engine/Plugins/Runtime/LocationServicesBPLibrary/Binaries/Win64/UnrealEditor.modules" 1144
"../../../Engine/Plugins/Runtime/GooglePAD/Binaries/Win64/UnrealEditor.modules" 1145
"../../../Engine/Plugins/Runtime/Metasound/Binaries/Win64/UnrealEditor.modules" 1146
"../../../Engine/Plugins/Editor/ContentBrowser/ContentBrowserAssetDataSource/Binaries/Win64/UnrealEditor.modules" 1147
"../../../Engine/Plugins/Runtime/WaveTable/Binaries/Win64/UnrealEditor.modules" 1148
"../../../Engine/Plugins/Runtime/ModelViewViewModel/Binaries/Win64/UnrealEditor.modules" 1149
"../../../Engine/Plugins/Runtime/MobilePatchingUtils/Binaries/Win64/UnrealEditor.modules" 1150
"../../../Engine/Plugins/Runtime/MsQuic/Binaries/Win64/UnrealEditor.modules" 1151
"../../../Engine/Plugins/Runtime/ResonanceAudio/Binaries/Win64/UnrealEditor.modules" 1152
"../../../Engine/Plugins/Runtime/SoundFields/Binaries/Win64/UnrealEditor.modules" 1153
"../../../Engine/Plugins/Runtime/Synthesis/Binaries/Win64/UnrealEditor.modules" 1154
"../../../Engine/Plugins/Runtime/WebMMoviePlayer/Binaries/Win64/UnrealEditor.modules" 1155
"../../../Engine/Plugins/Media/WebMMedia/Binaries/Win64/UnrealEditor.modules" 1156
"../../../Engine/Plugins/Runtime/WindowsDeviceProfileSelector/Binaries/Win64/UnrealEditor.modules" 1157
"../../../Engine/Plugins/Runtime/WindowsMoviePlayer/Binaries/Win64/UnrealEditor.modules" 1158
"../../../Engine/Plugins/Experimental/AdvancedRenamer/Binaries/Win64/UnrealEditor.modules" 1159
"../../../Engine/Plugins/Experimental/AutomationUtils/Binaries/Win64/UnrealEditor.modules" 1160
"../../../Engine/Plugins/Experimental/BackChannel/Binaries/Win64/UnrealEditor.modules" 1161
"../../../Engine/Plugins/Experimental/ChaosEditor/Binaries/Win64/UnrealEditor.modules" 1162
"../../../Engine/Plugins/Experimental/GeometryCollectionPlugin/Binaries/Win64/UnrealEditor.modules" 1163
"../../../Engine/Plugins/Experimental/Fracture/Binaries/Win64/UnrealEditor.modules" 1164
"../../../Engine/Plugins/Experimental/ChaosSolverPlugin/Binaries/Win64/UnrealEditor.modules" 1165
"../../../Engine/Plugins/Experimental/GeometryDataflow/Binaries/Win64/UnrealEditor.modules" 1166
"../../../Engine/Plugins/Experimental/ChaosNiagara/Binaries/Win64/UnrealEditor.modules" 1167
"../../../Engine/Plugins/Experimental/CharacterAI/Binaries/Win64/UnrealEditor.modules" 1168
"../../../Engine/Plugins/Experimental/ControlRigPhysics/Binaries/Win64/UnrealEditor.modules" 1169
"../../../Engine/Plugins/Animation/PhysicsControl/Binaries/Win64/UnrealEditor.modules" 1170
"../../../Engine/Plugins/Experimental/EditorPerformance/Binaries/Win64/UnrealEditor.modules" 1171
"../../../Engine/Plugins/Experimental/EditorTelemetry/Binaries/Win64/UnrealEditor.modules" 1172
"../../../Engine/Plugins/Experimental/EditorTRSGizmo/Binaries/Win64/UnrealEditor.modules" 1173
"../../../Engine/Plugins/Experimental/HttpInsights/Binaries/Win64/UnrealEditor.modules" 1174
"../../../Engine/Plugins/Experimental/GlobalConfigurationData/Binaries/Win64/UnrealEditor.modules" 1175
"../../../Engine/Plugins/Experimental/LevelSequenceNavigatorBridge/Binaries/Win64/UnrealEditor.modules" 1176
"../../../Engine/Plugins/Experimental/SequenceNavigator/Binaries/Win64/UnrealEditor.modules" 1177
"../../../Engine/Plugins/Experimental/LocalizableMessage/Binaries/Win64/UnrealEditor.modules" 1178
"../../../Engine/Plugins/Experimental/MutableAssetUserData/Binaries/Win64/UnrealEditor.modules" 1179
"../../../Engine/Plugins/Mutable/Binaries/Win64/UnrealEditor.modules" 1180
"../../../Engine/Plugins/Runtime/SkeletalMerging/Binaries/Win64/UnrealEditor.modules" 1181
"../../../Engine/Plugins/Experimental/NFORDenoise/Binaries/Win64/UnrealEditor.modules" 1182
"../../../Engine/Plugins/Experimental/PlatformCrypto/Binaries/Win64/UnrealEditor.modules" 1183
"../../../Engine/Plugins/Experimental/SkeletalReduction/Binaries/Win64/UnrealEditor.modules" 1184
"../../../Engine/Plugins/Experimental/RuntimeTelemetry/Binaries/Win64/UnrealEditor.modules" 1185
"../../../Engine/Plugins/MovieScene/ActorSequence/Binaries/Win64/UnrealEditor.modules" 1186
"../../../Engine/Plugins/MovieScene/SequenceValidator/Binaries/Win64/UnrealEditor.modules" 1187
"../../../Engine/Plugins/Performance/AutomatedPerfTestTools/Binaries/Win64/UnrealEditor.modules" 1188
"../../../Engine/Plugins/Developer/ProjectLauncher/Binaries/Win64/UnrealEditor.modules" 1189
"../../../Engine/Plugins/Tests/InterchangeTests/Binaries/Win64/UnrealEditor.modules" 1190
"../../../Engine/Plugins/Media/AndroidMedia/Binaries/Win64/UnrealEditor.modules" 1191
"../../../Engine/Plugins/Media/AvfMedia/Binaries/Win64/UnrealEditor.modules" 1192
"../../../Engine/Plugins/Media/ImgMedia/Binaries/Win64/UnrealEditor.modules" 1193
"../../../Engine/Plugins/Media/TmvMedia/Binaries/Win64/UnrealEditor.modules" 1194
"../../../Engine/Plugins/Media/MediaPlayerEditor/Binaries/Win64/UnrealEditor.modules" 1195
"../../../Engine/Plugins/Media/MP4Utilities/Binaries/Win64/UnrealEditor.modules" 1196
"../../../Engine/Plugins/Media/MediaCompositing/Binaries/Win64/UnrealEditor.modules" 1197
"../../../Engine/Plugins/Media/MediaPlate/Binaries/Win64/UnrealEditor.modules" 1198
"../../../Engine/Plugins/Compositing/CompositeCore/Binaries/Win64/UnrealEditor.modules" 1199
"../../../Engine/Plugins/Media/WmfMedia/Binaries/Win64/UnrealEditor.modules" 1200
"../../../Engine/Plugins/NNE/NNEDenoiser/Binaries/Win64/UnrealEditor.modules" 1201
"../../../Engine/Plugins/NNE/NNERuntimeORT/Binaries/Win64/UnrealEditor.modules" 1202
"../../../Engine/Plugins/2D/Paper2D/Binaries/Win64/UnrealEditor.modules" 1203
"../../../Engine/Plugins/Portal/LauncherChunkInstaller/Binaries/Win64/UnrealEditor.modules" 1204
"../../../Engine/Plugins/AI/AISupport/Binaries/Win64/UnrealEditor.modules" 1205
"../../../Engine/Plugins/AI/EnvironmentQueryEditor/Binaries/Win64/UnrealEditor.modules" 1206
"../../../Engine/Plugins/Animation/AnimationModifierLibrary/Binaries/Win64/UnrealEditor.modules" 1207
"../../../Engine/Plugins/Animation/ACLPlugin/Binaries/Win64/UnrealEditor.modules" 1208
"../../../Engine/Plugins/Animation/ControlRigSpline/Binaries/Win64/UnrealEditor.modules" 1209
"../../../Engine/Plugins/Animation/AnimatorKit/Binaries/Win64/UnrealEditor.modules" 1210
"../../../Engine/Plugins/Experimental/GizmoFramework/Binaries/Win64/UnrealEditor.modules" 1211
"../../../Engine/Plugins/Experimental/FullBodyIK/Binaries/Win64/UnrealEditor.modules" 1212
"../../../Engine/Plugins/Animation/AnimationData/Binaries/Win64/UnrealEditor.modules" 1213
"../../../Engine/Plugins/Animation/EaseCurveTool/Binaries/Win64/UnrealEditor.modules" 1214
"../../../Engine/Plugins/Cameras/EngineCameras/Binaries/Win64/UnrealEditor.modules" 1215
"../../../Engine/Plugins/MovieScene/TemplateSequence/Binaries/Win64/UnrealEditor.modules" 1216
"../../../Engine/Plugins/Animation/BlendSpaceMotionAnalysis/Binaries/Win64/UnrealEditor.modules" 1217
"../../../Engine/Plugins/Cameras/CameraShakePreviewer/Binaries/Win64/UnrealEditor.modules" 1218
"../../../Engine/Plugins/Cameras/GameplayCameras/Binaries/Win64/UnrealEditor.modules" 1219
"../../../Engine/Plugins/Animation/IKRig/Binaries/Win64/UnrealEditor.modules" 1220
"../../../Engine/Plugins/Developer/AnimationSharing/Binaries/Win64/UnrealEditor.modules" 1221
"../../../Engine/Plugins/Runtime/SignificanceManager/Binaries/Win64/UnrealEditor.modules" 1222
"../../../Engine/Plugins/Developer/CLionSourceCodeAccess/Binaries/Win64/UnrealEditor.modules" 1223
"../../../Engine/Plugins/Developer/DumpGPUServices/Binaries/Win64/UnrealEditor.modules" 1224
"../../../Engine/Plugins/Developer/GitSourceControl/Binaries/Win64/UnrealEditor.modules" 1225
"../../../Engine/Plugins/Developer/PerforceSourceControl/Binaries/Win64/UnrealEditor.modules" 1226
"../../../Engine/Plugins/Developer/N10XSourceCodeAccess/Binaries/Win64/UnrealEditor.modules" 1227
"../../../Engine/Plugins/Developer/PropertyAccessNode/Binaries/Win64/UnrealEditor.modules" 1228
"../../../Engine/Plugins/Developer/PluginUtils/Binaries/Win64/UnrealEditor.modules" 1229
"../../../Engine/Plugins/Developer/PlasticSourceControl/Binaries/Win64/UnrealEditor.modules" 1230
"../../../Engine/Plugins/Developer/GPUReshape/Binaries/Win64/UnrealEditor.modules" 1231
"../../../Engine/Plugins/Developer/PixWinPlugin/Binaries/Win64/UnrealEditor.modules" 1232
"../../../Engine/Plugins/Developer/RenderDocPlugin/Binaries/Win64/UnrealEditor.modules" 1233
"../../../Engine/Plugins/Developer/SubversionSourceControl/Binaries/Win64/UnrealEditor.modules" 1234
"../../../Engine/Plugins/Developer/VisualStudioCodeSourceCodeAccess/Binaries/Win64/UnrealEditor.modules" 1235
"../../../Engine/Plugins/Editor/AssetManagerEditor/Binaries/Win64/UnrealEditor.modules" 1236
"../../../Engine/Plugins/Editor/BlueprintHeaderView/Binaries/Win64/UnrealEditor.modules" 1237
"../../../Engine/Plugins/Developer/UObjectPlugin/Binaries/Win64/UnrealEditor.modules" 1238
"../../../Engine/Plugins/Editor/CurveEditorTools/Binaries/Win64/UnrealEditor.modules" 1239
"../../../Engine/Plugins/Developer/VisualStudioSourceCodeAccess/Binaries/Win64/UnrealEditor.modules" 1240
"../../../Engine/Plugins/Editor/ConsoleVariablesEditor/Binaries/Win64/UnrealEditor.modules" 1241
"../../../Engine/Plugins/Developer/Concert/ConcertSync/ConcertSyncClient/Binaries/Win64/UnrealEditor.modules" 1242
"../../../Engine/Plugins/Developer/Concert/ConcertSync/ConcertSyncCore/Binaries/Win64/UnrealEditor.modules" 1243
"../../../Engine/Plugins/Developer/Concert/ConcertMain/Binaries/Win64/UnrealEditor.modules" 1244
"../../../Engine/Plugins/Developer/Concert/ConcertUI/ConcertSharedSlate/Binaries/Win64/UnrealEditor.modules" 1245
"../../../Engine/Plugins/Developer/Sandbox/FileSandbox/Binaries/Win64/UnrealEditor.modules" 1246
"../../../Engine/Plugins/Runtime/Database/SQLiteCore/Binaries/Win64/UnrealEditor.modules" 1247
"../../../Engine/Plugins/Editor/EditorDebugTools/Binaries/Win64/UnrealEditor.modules" 1248
"../../../Engine/Plugins/Editor/ChangelistReview/Binaries/Win64/UnrealEditor.modules" 1249
"../../../Engine/Plugins/Editor/ColorGrading/Binaries/Win64/UnrealEditor.modules" 1250
"../../../Engine/Plugins/Editor/ObjectMixer/ObjectMixer/Binaries/Win64/UnrealEditor.modules" 1251
"../../../Engine/Plugins/Editor/CryptoKeys/Binaries/Win64/UnrealEditor.modules" 1252
"../../../Engine/Plugins/Editor/GeometryMode/Binaries/Win64/UnrealEditor.modules" 1253
"../../../Engine/Plugins/Editor/FacialAnimation/Binaries/Win64/UnrealEditor.modules" 1254
"../../../Engine/Plugins/Developer/RiderSourceCodeAccess/Binaries/Win64/UnrealEditor.modules" 1255
"../../../Engine/Plugins/Editor/MobileLauncherProfileWizard/Binaries/Win64/UnrealEditor.modules" 1256
"../../../Engine/Plugins/Editor/GameplayTagsEditor/Binaries/Win64/UnrealEditor.modules" 1257
"../../../Engine/Plugins/Editor/PluginBrowser/Binaries/Win64/UnrealEditor.modules" 1258
"../../../Engine/Plugins/Editor/MaterialAnalyzer/Binaries/Win64/UnrealEditor.modules" 1259
"../../../Engine/Plugins/Editor/SequencerAnimTools/Binaries/Win64/UnrealEditor.modules" 1260
"../../../Engine/Plugins/Editor/UVEditor/Binaries/Win64/UnrealEditor.modules" 1261
"../../../Engine/Plugins/Editor/MaterialAssetWizard/Binaries/Win64/UnrealEditor.modules" 1262
"../../../Engine/Plugins/Editor/UMGWidgetPreview/Binaries/Win64/UnrealEditor.modules" 1263
"../../../Engine/Plugins/Editor/WorldPartitionHLODUtilities/Binaries/Win64/UnrealEditor.modules" 1264
"../../../Engine/Plugins/Enterprise/DatasmithContent/Binaries/Win64/UnrealEditor.modules" 1265
"../../../Engine/Plugins/Enterprise/GLTFExporter/Binaries/Win64/UnrealEditor.modules" 1266
"../../../Engine/Plugins/Editor/SpeedTreeImporter/Binaries/Win64/UnrealEditor.modules" 1267
"../../../Engine/Plugins/Importers/AlembicImporter/Binaries/Win64/UnrealEditor.modules" 1268
"../../../Engine/Plugins/Messaging/TcpMessaging/Binaries/Win64/UnrealEditor.modules" 1269
"../../../Engine/Plugins/Messaging/UdpMessaging/Binaries/Win64/UnrealEditor.modules" 1270
"../../../Engine/Plugins/Online/OnlineBase/Binaries/Win64/UnrealEditor.modules" 1271
"../../../Engine/Plugins/Online/OnlineSubsystem/Binaries/Win64/UnrealEditor.modules" 1272
"../../../Engine/Plugins/Online/OnlineSubsystemNull/Binaries/Win64/UnrealEditor.modules" 1273
"../../../Engine/Plugins/Online/OnlineSubsystemUtils/Binaries/Win64/UnrealEditor.modules" 1274
"../../../Engine/Plugins/Online/OnlineServices/Binaries/Win64/UnrealEditor.modules" 1275
"../../../Engine/Plugins/Runtime/Windows/XInputDevice/Binaries/Win64/UnrealEditor.modules" 1276
"../../../Engine/Plugins/Editor/ObjectMixer/LightMixer/Binaries/Win64/UnrealEditor.modules" 1277
"../../../Engine/Plugins/Experimental/InterchangeAxF/Assets/Binaries/Win64/UnrealEditor.modules" 1278
"../../../Engine/Plugins/Editor/ContentBrowser/ContentBrowserClassDataSource/Binaries/Win64/UnrealEditor.modules" 1279
"../../../Engine/Plugins/Editor/Localization/PortableObjectFileDataSource/Binaries/Win64/UnrealEditor.modules" 1280
"../../../Engine/Config/BaseSourceControlSettings.ini" 1281
"../../../Engine/Content/Internationalization/icudt64l/coll/ucadata.icu" 1282
"../../../Engine/Content/Internationalization/icudt64l/coll/pt.res" 1283
"../../../Engine/Content/Internationalization/icudt64l/coll/root.res" 1284
"../../../Engine/Content/Internationalization/icudt64l/numberingSystems.res" 1285
"../../../Engine/Content/Internationalization/icudt64l/curr/supplementalData.res" 1286
"../../../Engine/Content/Internationalization/icudt64l/curr/pt.res" 1287
"../../../Engine/Content/Internationalization/icudt64l/curr/pool.res" 1288
"../../../Engine/Content/Internationalization/icudt64l/curr/root.res" 1289
"../../../Engine/Content/Certificates/ThirdParty/cacert.pem" 1290
"../../../Engine/Config/ConsoleVariables.ini" 1291
"C:/Users/luisf/Documents/pos/test/bochanet/BochaNet/Saved/Logs/AutoSDKInfo.txt" 1292
"../../../Engine/Binaries/Win64/Android/UnrealEditor.modules" 1293
"../../../Engine/Binaries/Win64/IOS/UnrealEditor.modules" 1294
"../../../Engine/Binaries/Win64/Linux/UnrealEditor.modules" 1295
"../../../Engine/Content/Localization/Editor/en/Editor.locres" 1296
"../../../Engine/Content/Localization/Keywords/en/Keywords.locres" 1297
"../../../Engine/Content/Localization/Category/en/Category.locres" 1298
"../../../Engine/Content/Localization/ToolTips/en/ToolTips.locres" 1299
"../../../Engine/Content/Localization/PropertyNames/en/PropertyNames.locres" 1300
"../../../Engine/Content/Localization/Engine/en/Engine.locres" 1301
"../../../Engine/Plugins/Online/OnlineSubsystem/Content/Localization/OnlineSubsystem/en/OnlineSubsystem.locres" 1302
"../../../Engine/Plugins/Online/OnlineSubsystemUtils/Content/Localization/OnlineSubsystemUtils/en/OnlineSubsystemUtils.locres" 1303
"../../../Engine/Plugins/Online/IOS/OnlineSubsystemIOS/Content/Localization/OnlineSubsystemIOS/en/OnlineSubsystemIOS.locres" 1304
"../../../Engine/Plugins/Online/Android/OnlineSubsystemGooglePlay/Content/Localization/OnlineSubsystemGooglePlay/en/OnlineSubsystemGooglePlay.locres" 1305
"../../../Engine/Content/Internationalization/icudt64l/lang/af.res" 1306
"../../../Engine/Content/Internationalization/icudt64l/region/af.res" 1307
"../../../Engine/Content/Internationalization/icudt64l/lang/agq.res" 1308
"../../../Engine/Content/Internationalization/icudt64l/region/agq.res" 1309
"../../../Engine/Content/Internationalization/icudt64l/lang/ak.res" 1310
"../../../Engine/Content/Internationalization/icudt64l/region/ak.res" 1311
"../../../Engine/Content/Internationalization/icudt64l/lang/am.res" 1312
"../../../Engine/Content/Internationalization/icudt64l/region/am.res" 1313
"../../../Engine/Content/Internationalization/icudt64l/lang/ar.res" 1314
"../../../Engine/Content/Internationalization/icudt64l/region/ar.res" 1315
"../../../Engine/Content/Internationalization/icudt64l/region/ar_AE.res" 1316
"../../../Engine/Content/Internationalization/icudt64l/lang/ar_EG.res" 1317
"../../../Engine/Content/Internationalization/icudt64l/lang/ar_LY.res" 1318
"../../../Engine/Content/Internationalization/icudt64l/region/ar_LY.res" 1319
"../../../Engine/Content/Internationalization/icudt64l/lang/ar_SA.res" 1320
"../../../Engine/Content/Internationalization/icudt64l/region/ar_SA.res" 1321
"../../../Engine/Content/Internationalization/icudt64l/lang/as.res" 1322
"../../../Engine/Content/Internationalization/icudt64l/region/as.res" 1323
"../../../Engine/Content/Internationalization/icudt64l/lang/asa.res" 1324
"../../../Engine/Content/Internationalization/icudt64l/region/asa.res" 1325
"../../../Engine/Content/Internationalization/icudt64l/lang/ast.res" 1326
"../../../Engine/Content/Internationalization/icudt64l/region/ast.res" 1327
"../../../Engine/Content/Internationalization/icudt64l/lang/az.res" 1328
"../../../Engine/Content/Internationalization/icudt64l/lang/az_Cyrl.res" 1329
"../../../Engine/Content/Internationalization/icudt64l/lang/az_AZ.res" 1330
"../../../Engine/Content/Internationalization/icudt64l/lang/az_Latn_AZ.res" 1331
"../../../Engine/Content/Internationalization/icudt64l/lang/az_Latn.res" 1332
"../../../Engine/Content/Internationalization/icudt64l/region/az_AZ.res" 1333
"../../../Engine/Content/Internationalization/icudt64l/region/az_Latn_AZ.res" 1334
"../../../Engine/Content/Internationalization/icudt64l/region/az_Latn.res" 1335
"../../../Engine/Content/Internationalization/icudt64l/region/az.res" 1336
"../../../Engine/Content/Internationalization/icudt64l/region/az_Cyrl.res" 1337
"../../../Engine/Content/Internationalization/icudt64l/lang/bas.res" 1338
"../../../Engine/Content/Internationalization/icudt64l/region/bas.res" 1339
"../../../Engine/Content/Internationalization/icudt64l/lang/be.res" 1340
"../../../Engine/Content/Internationalization/icudt64l/region/be.res" 1341
"../../../Engine/Content/Internationalization/icudt64l/lang/bem.res" 1342
"../../../Engine/Content/Internationalization/icudt64l/region/bem.res" 1343
"../../../Engine/Content/Internationalization/icudt64l/lang/bez.res" 1344
"../../../Engine/Content/Internationalization/icudt64l/region/bez.res" 1345
"../../../Engine/Content/Internationalization/icudt64l/lang/bg.res" 1346
"../../../Engine/Content/Internationalization/icudt64l/region/bg.res" 1347
"../../../Engine/Content/Internationalization/icudt64l/lang/bm.res" 1348
"../../../Engine/Content/Internationalization/icudt64l/region/bm.res" 1349
"../../../Engine/Content/Internationalization/icudt64l/lang/bn.res" 1350
"../../../Engine/Content/Internationalization/icudt64l/region/bn.res" 1351
"../../../Engine/Content/Internationalization/icudt64l/lang/bn_IN.res" 1352
"../../../Engine/Content/Internationalization/icudt64l/region/bn_IN.res" 1353
"../../../Engine/Content/Internationalization/icudt64l/lang/bo.res" 1354
"../../../Engine/Content/Internationalization/icudt64l/region/bo.res" 1355
"../../../Engine/Content/Internationalization/icudt64l/region/bo_IN.res" 1356
"../../../Engine/Content/Internationalization/icudt64l/lang/br.res" 1357
"../../../Engine/Content/Internationalization/icudt64l/region/br.res" 1358
"../../../Engine/Content/Internationalization/icudt64l/lang/brx.res" 1359
"../../../Engine/Content/Internationalization/icudt64l/region/brx.res" 1360
"../../../Engine/Content/Internationalization/icudt64l/lang/bs.res" 1361
"../../../Engine/Content/Internationalization/icudt64l/lang/bs_Cyrl.res" 1362
"../../../Engine/Content/Internationalization/icudt64l/lang/bs_BA.res" 1363
"../../../Engine/Content/Internationalization/icudt64l/lang/bs_Latn_BA.res" 1364
"../../../Engine/Content/Internationalization/icudt64l/lang/bs_Latn.res" 1365
"../../../Engine/Content/Internationalization/icudt64l/region/bs_BA.res" 1366
"../../../Engine/Content/Internationalization/icudt64l/region/bs_Latn_BA.res" 1367
"../../../Engine/Content/Internationalization/icudt64l/region/bs_Latn.res" 1368
"../../../Engine/Content/Internationalization/icudt64l/region/bs.res" 1369
"../../../Engine/Content/Internationalization/icudt64l/region/bs_Cyrl.res" 1370
"../../../Engine/Content/Internationalization/icudt64l/lang/ca.res" 1371
"../../../Engine/Content/Internationalization/icudt64l/region/ca.res" 1372
"../../../Engine/Content/Internationalization/icudt64l/lang/ccp.res" 1373
"../../../Engine/Content/Internationalization/icudt64l/region/ccp.res" 1374
"../../../Engine/Content/Internationalization/icudt64l/lang/ce.res" 1375
"../../../Engine/Content/Internationalization/icudt64l/region/ce.res" 1376
"../../../Engine/Content/Internationalization/icudt64l/lang/ceb.res" 1377
"../../../Engine/Content/Internationalization/icudt64l/region/ceb.res" 1378
"../../../Engine/Content/Internationalization/icudt64l/lang/cgg.res" 1379
"../../../Engine/Content/Internationalization/icudt64l/region/cgg.res" 1380
"../../../Engine/Content/Internationalization/icudt64l/lang/chr.res" 1381
"../../../Engine/Content/Internationalization/icudt64l/region/chr.res" 1382
"../../../Engine/Content/Internationalization/icudt64l/lang/ckb.res" 1383
"../../../Engine/Content/Internationalization/icudt64l/region/ckb.res" 1384
"../../../Engine/Content/Internationalization/icudt64l/lang/cs.res" 1385
"../../../Engine/Content/Internationalization/icudt64l/region/cs.res" 1386
"../../../Engine/Content/Internationalization/icudt64l/lang/cy.res" 1387
"../../../Engine/Content/Internationalization/icudt64l/region/cy.res" 1388
"../../../Engine/Content/Internationalization/icudt64l/lang/da.res" 1389
"../../../Engine/Content/Internationalization/icudt64l/region/da.res" 1390
"../../../Engine/Content/Internationalization/icudt64l/lang/dav.res" 1391
"../../../Engine/Content/Internationalization/icudt64l/region/dav.res" 1392
"../../../Engine/Content/Internationalization/icudt64l/lang/de.res" 1393
"../../../Engine/Content/Internationalization/icudt64l/lang/de_AT.res" 1394
"../../../Engine/Content/Internationalization/icudt64l/region/de_AT.res" 1395
"../../../Engine/Content/Internationalization/icudt64l/region/de.res" 1396
"../../../Engine/Content/Internationalization/icudt64l/lang/de_CH.res" 1397
"../../../Engine/Content/Internationalization/icudt64l/region/de_CH.res" 1398
"../../../Engine/Content/Internationalization/icudt64l/lang/de_LU.res" 1399
"../../../Engine/Content/Internationalization/icudt64l/lang/dje.res" 1400
"../../../Engine/Content/Internationalization/icudt64l/region/dje.res" 1401
"../../../Engine/Content/Internationalization/icudt64l/lang/dsb.res" 1402
"../../../Engine/Content/Internationalization/icudt64l/region/dsb.res" 1403
"../../../Engine/Content/Internationalization/icudt64l/lang/dua.res" 1404
"../../../Engine/Content/Internationalization/icudt64l/region/dua.res" 1405
"../../../Engine/Content/Internationalization/icudt64l/lang/dyo.res" 1406
"../../../Engine/Content/Internationalization/icudt64l/region/dyo.res" 1407
"../../../Engine/Content/Internationalization/icudt64l/lang/dz.res" 1408
"../../../Engine/Content/Internationalization/icudt64l/region/dz.res" 1409
"../../../Engine/Content/Internationalization/icudt64l/lang/ebu.res" 1410
"../../../Engine/Content/Internationalization/icudt64l/region/ebu.res" 1411
"../../../Engine/Content/Internationalization/icudt64l/lang/ee.res" 1412
"../../../Engine/Content/Internationalization/icudt64l/region/ee.res" 1413
"../../../Engine/Content/Internationalization/icudt64l/lang/el.res" 1414
"../../../Engine/Content/Internationalization/icudt64l/region/el.res" 1415
"../../../Engine/Content/Internationalization/icudt64l/lang/en_001.res" 1416
"../../../Engine/Content/Internationalization/icudt64l/lang/en_150.res" 1417
"../../../Engine/Content/Internationalization/icudt64l/region/en_150.res" 1418
"../../../Engine/Content/Internationalization/icudt64l/lang/en_AG.res" 1419
"../../../Engine/Content/Internationalization/icudt64l/region/en_AG.res" 1420
"../../../Engine/Content/Internationalization/icudt64l/lang/en_AI.res" 1421
"../../../Engine/Content/Internationalization/icudt64l/region/en_AI.res" 1422
"../../../Engine/Content/Internationalization/icudt64l/lang/en_AT.res" 1423
"../../../Engine/Content/Internationalization/icudt64l/region/en_AT.res" 1424
"../../../Engine/Content/Internationalization/icudt64l/lang/en_AU.res" 1425
"../../../Engine/Content/Internationalization/icudt64l/region/en_AU.res" 1426
"../../../Engine/Content/Internationalization/icudt64l/lang/en_BB.res" 1427
"../../../Engine/Content/Internationalization/icudt64l/region/en_BB.res" 1428
"../../../Engine/Content/Internationalization/icudt64l/lang/en_BE.res" 1429
"../../../Engine/Content/Internationalization/icudt64l/region/en_BE.res" 1430
"../../../Engine/Content/Internationalization/icudt64l/lang/en_BM.res" 1431
"../../../Engine/Content/Internationalization/icudt64l/region/en_BM.res" 1432
"../../../Engine/Content/Internationalization/icudt64l/lang/en_BS.res" 1433
"../../../Engine/Content/Internationalization/icudt64l/region/en_BS.res" 1434
"../../../Engine/Content/Internationalization/icudt64l/lang/en_BW.res" 1435
"../../../Engine/Content/Internationalization/icudt64l/region/en_BW.res" 1436
"../../../Engine/Content/Internationalization/icudt64l/lang/en_BZ.res" 1437
"../../../Engine/Content/Internationalization/icudt64l/region/en_BZ.res" 1438
"../../../Engine/Content/Internationalization/icudt64l/lang/en_CA.res" 1439
"../../../Engine/Content/Internationalization/icudt64l/region/en_CA.res" 1440
"../../../Engine/Content/Internationalization/icudt64l/lang/en_CC.res" 1441
"../../../Engine/Content/Internationalization/icudt64l/region/en_CC.res" 1442
"../../../Engine/Content/Internationalization/icudt64l/lang/en_CH.res" 1443
"../../../Engine/Content/Internationalization/icudt64l/region/en_CH.res" 1444
"../../../Engine/Content/Internationalization/icudt64l/lang/en_CK.res" 1445
"../../../Engine/Content/Internationalization/icudt64l/region/en_CK.res" 1446
"../../../Engine/Content/Internationalization/icudt64l/lang/en_CM.res" 1447
"../../../Engine/Content/Internationalization/icudt64l/region/en_CM.res" 1448
"../../../Engine/Content/Internationalization/icudt64l/lang/en_CX.res" 1449
"../../../Engine/Content/Internationalization/icudt64l/region/en_CX.res" 1450
"../../../Engine/Content/Internationalization/icudt64l/lang/en_CY.res" 1451
"../../../Engine/Content/Internationalization/icudt64l/region/en_CY.res" 1452
"../../../Engine/Content/Internationalization/icudt64l/lang/en_DE.res" 1453
"../../../Engine/Content/Internationalization/icudt64l/region/en_DE.res" 1454
"../../../Engine/Content/Internationalization/icudt64l/lang/en_DG.res" 1455
"../../../Engine/Content/Internationalization/icudt64l/region/en_DG.res" 1456
"../../../Engine/Content/Internationalization/icudt64l/lang/en_DK.res" 1457
"../../../Engine/Content/Internationalization/icudt64l/region/en_DK.res" 1458
"../../../Engine/Content/Internationalization/icudt64l/lang/en_DM.res" 1459
"../../../Engine/Content/Internationalization/icudt64l/region/en_DM.res" 1460
"../../../Engine/Content/Internationalization/icudt64l/lang/en_ER.res" 1461
"../../../Engine/Content/Internationalization/icudt64l/region/en_ER.res" 1462
"../../../Engine/Content/Internationalization/icudt64l/lang/en_FI.res" 1463
"../../../Engine/Content/Internationalization/icudt64l/region/en_FI.res" 1464
"../../../Engine/Content/Internationalization/icudt64l/lang/en_FJ.res" 1465
"../../../Engine/Content/Internationalization/icudt64l/region/en_FJ.res" 1466
"../../../Engine/Content/Internationalization/icudt64l/lang/en_FK.res" 1467
"../../../Engine/Content/Internationalization/icudt64l/region/en_FK.res" 1468
"../../../Engine/Content/Internationalization/icudt64l/lang/en_FM.res" 1469
"../../../Engine/Content/Internationalization/icudt64l/region/en_FM.res" 1470
"../../../Engine/Content/Internationalization/icudt64l/lang/en_GB.res" 1471
"../../../Engine/Content/Internationalization/icudt64l/region/en_GB.res" 1472
"../../../Engine/Content/Internationalization/icudt64l/lang/en_GD.res" 1473
"../../../Engine/Content/Internationalization/icudt64l/region/en_GD.res" 1474
"../../../Engine/Content/Internationalization/icudt64l/lang/en_GG.res" 1475
"../../../Engine/Content/Internationalization/icudt64l/region/en_GG.res" 1476
"../../../Engine/Content/Internationalization/icudt64l/lang/en_GH.res" 1477
"../../../Engine/Content/Internationalization/icudt64l/region/en_GH.res" 1478
"../../../Engine/Content/Internationalization/icudt64l/lang/en_GI.res" 1479
"../../../Engine/Content/Internationalization/icudt64l/region/en_GI.res" 1480
"../../../Engine/Content/Internationalization/icudt64l/lang/en_GM.res" 1481
"../../../Engine/Content/Internationalization/icudt64l/region/en_GM.res" 1482
"../../../Engine/Content/Internationalization/icudt64l/lang/en_GY.res" 1483
"../../../Engine/Content/Internationalization/icudt64l/region/en_GY.res" 1484
"../../../Engine/Content/Internationalization/icudt64l/lang/en_HK.res" 1485
"../../../Engine/Content/Internationalization/icudt64l/region/en_HK.res" 1486
"../../../Engine/Content/Internationalization/icudt64l/lang/en_IE.res" 1487
"../../../Engine/Content/Internationalization/icudt64l/region/en_IE.res" 1488
"../../../Engine/Content/Internationalization/icudt64l/lang/en_IL.res" 1489
"../../../Engine/Content/Internationalization/icudt64l/region/en_IL.res" 1490
"../../../Engine/Content/Internationalization/icudt64l/lang/en_IM.res" 1491
"../../../Engine/Content/Internationalization/icudt64l/region/en_IM.res" 1492
"../../../Engine/Content/Internationalization/icudt64l/lang/en_IN.res" 1493
"../../../Engine/Content/Internationalization/icudt64l/region/en_IN.res" 1494
"../../../Engine/Content/Internationalization/icudt64l/lang/en_IO.res" 1495
"../../../Engine/Content/Internationalization/icudt64l/region/en_IO.res" 1496
"../../../Engine/Content/Internationalization/icudt64l/lang/en_JE.res" 1497
"../../../Engine/Content/Internationalization/icudt64l/region/en_JE.res" 1498
"../../../Engine/Content/Internationalization/icudt64l/lang/en_JM.res" 1499
"../../../Engine/Content/Internationalization/icudt64l/region/en_JM.res" 1500
"../../../Engine/Content/Internationalization/icudt64l/lang/en_KE.res" 1501
"../../../Engine/Content/Internationalization/icudt64l/region/en_KE.res" 1502
"../../../Engine/Content/Internationalization/icudt64l/lang/en_KI.res" 1503
"../../../Engine/Content/Internationalization/icudt64l/region/en_KI.res" 1504
"../../../Engine/Content/Internationalization/icudt64l/lang/en_KN.res" 1505
"../../../Engine/Content/Internationalization/icudt64l/region/en_KN.res" 1506
"../../../Engine/Content/Internationalization/icudt64l/lang/en_KY.res" 1507
"../../../Engine/Content/Internationalization/icudt64l/region/en_KY.res" 1508
"../../../Engine/Content/Internationalization/icudt64l/lang/en_LC.res" 1509
"../../../Engine/Content/Internationalization/icudt64l/region/en_LC.res" 1510
"../../../Engine/Content/Internationalization/icudt64l/lang/en_LR.res" 1511
"../../../Engine/Content/Internationalization/icudt64l/region/en_LR.res" 1512
"../../../Engine/Content/Internationalization/icudt64l/lang/en_LS.res" 1513
"../../../Engine/Content/Internationalization/icudt64l/region/en_LS.res" 1514
"../../../Engine/Content/Internationalization/icudt64l/lang/en_MG.res" 1515
"../../../Engine/Content/Internationalization/icudt64l/region/en_MG.res" 1516
"../../../Engine/Content/Internationalization/icudt64l/lang/en_MO.res" 1517
"../../../Engine/Content/Internationalization/icudt64l/region/en_MO.res" 1518
"../../../Engine/Content/Internationalization/icudt64l/lang/en_MS.res" 1519
"../../../Engine/Content/Internationalization/icudt64l/region/en_MS.res" 1520
"../../../Engine/Content/Internationalization/icudt64l/lang/en_MT.res" 1521
"../../../Engine/Content/Internationalization/icudt64l/region/en_MT.res" 1522
"../../../Engine/Content/Internationalization/icudt64l/lang/en_MU.res" 1523
"../../../Engine/Content/Internationalization/icudt64l/region/en_MU.res" 1524
"../../../Engine/Content/Internationalization/icudt64l/lang/en_MW.res" 1525
"../../../Engine/Content/Internationalization/icudt64l/region/en_MW.res" 1526
"../../../Engine/Content/Internationalization/icudt64l/lang/en_MY.res" 1527
"../../../Engine/Content/Internationalization/icudt64l/region/en_MY.res" 1528
"../../../Engine/Content/Internationalization/icudt64l/lang/en_NA.res" 1529
"../../../Engine/Content/Internationalization/icudt64l/region/en_NA.res" 1530
"../../../Engine/Content/Internationalization/icudt64l/lang/en_NF.res" 1531
"../../../Engine/Content/Internationalization/icudt64l/region/en_NF.res" 1532
"../../../Engine/Content/Internationalization/icudt64l/lang/en_NG.res" 1533
"../../../Engine/Content/Internationalization/icudt64l/region/en_NG.res" 1534
"../../../Engine/Content/Internationalization/icudt64l/lang/en_NL.res" 1535
"../../../Engine/Content/Internationalization/icudt64l/region/en_NL.res" 1536
"../../../Engine/Content/Internationalization/icudt64l/lang/en_NR.res" 1537
"../../../Engine/Content/Internationalization/icudt64l/region/en_NR.res" 1538
"../../../Engine/Content/Internationalization/icudt64l/lang/en_NU.res" 1539
"../../../Engine/Content/Internationalization/icudt64l/region/en_NU.res" 1540
"../../../Engine/Content/Internationalization/icudt64l/lang/en_NZ.res" 1541
"../../../Engine/Content/Internationalization/icudt64l/region/en_NZ.res" 1542
"../../../Engine/Content/Internationalization/icudt64l/lang/en_PG.res" 1543
"../../../Engine/Content/Internationalization/icudt64l/region/en_PG.res" 1544
"../../../Engine/Content/Internationalization/icudt64l/lang/en_PH.res" 1545
"../../../Engine/Content/Internationalization/icudt64l/region/en_PH.res" 1546
"../../../Engine/Content/Internationalization/icudt64l/lang/en_PK.res" 1547
"../../../Engine/Content/Internationalization/icudt64l/region/en_PK.res" 1548
"../../../Engine/Content/Internationalization/icudt64l/lang/en_PN.res" 1549
"../../../Engine/Content/Internationalization/icudt64l/region/en_PN.res" 1550
"../../../Engine/Content/Internationalization/icudt64l/lang/en_PW.res" 1551
"../../../Engine/Content/Internationalization/icudt64l/region/en_PW.res" 1552
"../../../Engine/Content/Internationalization/icudt64l/lang/en_RW.res" 1553
"../../../Engine/Content/Internationalization/icudt64l/region/en_RW.res" 1554
"../../../Engine/Content/Internationalization/icudt64l/lang/en_SB.res" 1555
"../../../Engine/Content/Internationalization/icudt64l/region/en_SB.res" 1556
"../../../Engine/Content/Internationalization/icudt64l/lang/en_SC.res" 1557
"../../../Engine/Content/Internationalization/icudt64l/region/en_SC.res" 1558
"../../../Engine/Content/Internationalization/icudt64l/lang/en_SD.res" 1559
"../../../Engine/Content/Internationalization/icudt64l/region/en_SD.res" 1560
"../../../Engine/Content/Internationalization/icudt64l/lang/en_SE.res" 1561
"../../../Engine/Content/Internationalization/icudt64l/region/en_SE.res" 1562
"../../../Engine/Content/Internationalization/icudt64l/lang/en_SG.res" 1563
"../../../Engine/Content/Internationalization/icudt64l/region/en_SG.res" 1564
"../../../Engine/Content/Internationalization/icudt64l/lang/en_SH.res" 1565
"../../../Engine/Content/Internationalization/icudt64l/region/en_SH.res" 1566
"../../../Engine/Content/Internationalization/icudt64l/lang/en_SI.res" 1567
"../../../Engine/Content/Internationalization/icudt64l/region/en_SI.res" 1568
"../../../Engine/Content/Internationalization/icudt64l/lang/en_SL.res" 1569
"../../../Engine/Content/Internationalization/icudt64l/region/en_SL.res" 1570
"../../../Engine/Content/Internationalization/icudt64l/lang/en_SS.res" 1571
"../../../Engine/Content/Internationalization/icudt64l/region/en_SS.res" 1572
"../../../Engine/Content/Internationalization/icudt64l/lang/en_SX.res" 1573
"../../../Engine/Content/Internationalization/icudt64l/region/en_SX.res" 1574
"../../../Engine/Content/Internationalization/icudt64l/lang/en_SZ.res" 1575
"../../../Engine/Content/Internationalization/icudt64l/region/en_SZ.res" 1576
"../../../Engine/Content/Internationalization/icudt64l/lang/en_TC.res" 1577
"../../../Engine/Content/Internationalization/icudt64l/region/en_TC.res" 1578
"../../../Engine/Content/Internationalization/icudt64l/lang/en_TK.res" 1579
"../../../Engine/Content/Internationalization/icudt64l/region/en_TK.res" 1580
"../../../Engine/Content/Internationalization/icudt64l/lang/en_TO.res" 1581
"../../../Engine/Content/Internationalization/icudt64l/region/en_TO.res" 1582
"../../../Engine/Content/Internationalization/icudt64l/lang/en_TT.res" 1583
"../../../Engine/Content/Internationalization/icudt64l/region/en_TT.res" 1584
"../../../Engine/Content/Internationalization/icudt64l/lang/en_TV.res" 1585
"../../../Engine/Content/Internationalization/icudt64l/region/en_TV.res" 1586
"../../../Engine/Content/Internationalization/icudt64l/lang/en_TZ.res" 1587
"../../../Engine/Content/Internationalization/icudt64l/region/en_TZ.res" 1588
"../../../Engine/Content/Internationalization/icudt64l/lang/en_UG.res" 1589
"../../../Engine/Content/Internationalization/icudt64l/region/en_UG.res" 1590
"../../../Engine/Content/Internationalization/icudt64l/lang/en_VC.res" 1591
"../../../Engine/Content/Internationalization/icudt64l/region/en_VC.res" 1592
"../../../Engine/Content/Internationalization/icudt64l/lang/en_VG.res" 1593
"../../../Engine/Content/Internationalization/icudt64l/region/en_VG.res" 1594
"../../../Engine/Content/Internationalization/icudt64l/lang/en_VU.res" 1595
"../../../Engine/Content/Internationalization/icudt64l/region/en_VU.res" 1596
"../../../Engine/Content/Internationalization/icudt64l/lang/en_WS.res" 1597
"../../../Engine/Content/Internationalization/icudt64l/region/en_WS.res" 1598
"../../../Engine/Content/Internationalization/icudt64l/lang/en_ZA.res" 1599
"../../../Engine/Content/Internationalization/icudt64l/region/en_ZA.res" 1600
"../../../Engine/Content/Internationalization/icudt64l/lang/en_ZM.res" 1601
"../../../Engine/Content/Internationalization/icudt64l/region/en_ZM.res" 1602
"../../../Engine/Content/Internationalization/icudt64l/lang/en_ZW.res" 1603
"../../../Engine/Content/Internationalization/icudt64l/region/en_ZW.res" 1604
"../../../Engine/Content/Internationalization/icudt64l/lang/eo.res" 1605
"../../../Engine/Content/Internationalization/icudt64l/region/eo.res" 1606
"../../../Engine/Content/Internationalization/icudt64l/lang/es.res" 1607
"../../../Engine/Content/Internationalization/icudt64l/lang/es_419.res" 1608
"../../../Engine/Content/Internationalization/icudt64l/region/es_419.res" 1609
"../../../Engine/Content/Internationalization/icudt64l/region/es.res" 1610
"../../../Engine/Content/Internationalization/icudt64l/lang/es_AR.res" 1611
"../../../Engine/Content/Internationalization/icudt64l/region/es_AR.res" 1612
"../../../Engine/Content/Internationalization/icudt64l/lang/es_BO.res" 1613
"../../../Engine/Content/Internationalization/icudt64l/region/es_BO.res" 1614
"../../../Engine/Content/Internationalization/icudt64l/lang/es_BR.res" 1615
"../../../Engine/Content/Internationalization/icudt64l/region/es_BR.res" 1616
"../../../Engine/Content/Internationalization/icudt64l/lang/es_BZ.res" 1617
"../../../Engine/Content/Internationalization/icudt64l/region/es_BZ.res" 1618
"../../../Engine/Content/Internationalization/icudt64l/lang/es_CL.res" 1619
"../../../Engine/Content/Internationalization/icudt64l/region/es_CL.res" 1620
"../../../Engine/Content/Internationalization/icudt64l/lang/es_CO.res" 1621
"../../../Engine/Content/Internationalization/icudt64l/region/es_CO.res" 1622
"../../../Engine/Content/Internationalization/icudt64l/lang/es_CR.res" 1623
"../../../Engine/Content/Internationalization/icudt64l/region/es_CR.res" 1624
"../../../Engine/Content/Internationalization/icudt64l/lang/es_CU.res" 1625
"../../../Engine/Content/Internationalization/icudt64l/region/es_CU.res" 1626
"../../../Engine/Content/Internationalization/icudt64l/lang/es_DO.res" 1627
"../../../Engine/Content/Internationalization/icudt64l/region/es_DO.res" 1628
"../../../Engine/Content/Internationalization/icudt64l/lang/es_EC.res" 1629
"../../../Engine/Content/Internationalization/icudt64l/region/es_EC.res" 1630
"../../../Engine/Content/Internationalization/icudt64l/lang/es_GT.res" 1631
"../../../Engine/Content/Internationalization/icudt64l/region/es_GT.res" 1632
"../../../Engine/Content/Internationalization/icudt64l/lang/es_HN.res" 1633
"../../../Engine/Content/Internationalization/icudt64l/region/es_HN.res" 1634
"../../../Engine/Content/Internationalization/icudt64l/lang/es_MX.res" 1635
"../../../Engine/Content/Internationalization/icudt64l/region/es_MX.res" 1636
"../../../Engine/Content/Internationalization/icudt64l/lang/es_NI.res" 1637
"../../../Engine/Content/Internationalization/icudt64l/region/es_NI.res" 1638
"../../../Engine/Content/Internationalization/icudt64l/lang/es_PA.res" 1639
"../../../Engine/Content/Internationalization/icudt64l/region/es_PA.res" 1640
"../../../Engine/Content/Internationalization/icudt64l/lang/es_PE.res" 1641
"../../../Engine/Content/Internationalization/icudt64l/region/es_PE.res" 1642
"../../../Engine/Content/Internationalization/icudt64l/lang/es_PR.res" 1643
"../../../Engine/Content/Internationalization/icudt64l/region/es_PR.res" 1644
"../../../Engine/Content/Internationalization/icudt64l/lang/es_PY.res" 1645
"../../../Engine/Content/Internationalization/icudt64l/region/es_PY.res" 1646
"../../../Engine/Content/Internationalization/icudt64l/lang/es_SV.res" 1647
"../../../Engine/Content/Internationalization/icudt64l/region/es_SV.res" 1648
"../../../Engine/Content/Internationalization/icudt64l/lang/es_US.res" 1649
"../../../Engine/Content/Internationalization/icudt64l/region/es_US.res" 1650
"../../../Engine/Content/Internationalization/icudt64l/lang/es_UY.res" 1651
"../../../Engine/Content/Internationalization/icudt64l/region/es_UY.res" 1652
"../../../Engine/Content/Internationalization/icudt64l/lang/es_VE.res" 1653
"../../../Engine/Content/Internationalization/icudt64l/region/es_VE.res" 1654
"../../../Engine/Content/Internationalization/icudt64l/lang/et.res" 1655
"../../../Engine/Content/Internationalization/icudt64l/region/et.res" 1656
"../../../Engine/Content/Internationalization/icudt64l/lang/eu.res" 1657
"../../../Engine/Content/Internationalization/icudt64l/region/eu.res" 1658
"../../../Engine/Content/Internationalization/icudt64l/lang/ewo.res" 1659
"../../../Engine/Content/Internationalization/icudt64l/region/ewo.res" 1660
"../../../Engine/Content/Internationalization/icudt64l/lang/fa.res" 1661
"../../../Engine/Content/Internationalization/icudt64l/lang/fa_AF.res" 1662
"../../../Engine/Content/Internationalization/icudt64l/region/fa_AF.res" 1663
"../../../Engine/Content/Internationalization/icudt64l/region/fa.res" 1664
"../../../Engine/Content/Internationalization/icudt64l/lang/ff.res" 1665
"../../../Engine/Content/Internationalization/icudt64l/lang/ff_Latn.res" 1666
"../../../Engine/Content/Internationalization/icudt64l/region/ff.res" 1667
"../../../Engine/Content/Internationalization/icudt64l/region/ff_Latn.res" 1668
"../../../Engine/Content/Internationalization/icudt64l/lang/ff_CM.res" 1669
"../../../Engine/Content/Internationalization/icudt64l/lang/ff_Latn_CM.res" 1670
"../../../Engine/Content/Internationalization/icudt64l/region/ff_CM.res" 1671
"../../../Engine/Content/Internationalization/icudt64l/region/ff_Latn_CM.res" 1672
"../../../Engine/Content/Internationalization/icudt64l/lang/ff_GN.res" 1673
"../../../Engine/Content/Internationalization/icudt64l/lang/ff_Latn_GN.res" 1674
"../../../Engine/Content/Internationalization/icudt64l/region/ff_GN.res" 1675
"../../../Engine/Content/Internationalization/icudt64l/region/ff_Latn_GN.res" 1676
"../../../Engine/Content/Internationalization/icudt64l/lang/ff_MR.res" 1677
"../../../Engine/Content/Internationalization/icudt64l/lang/ff_Latn_MR.res" 1678
"../../../Engine/Content/Internationalization/icudt64l/region/ff_MR.res" 1679
"../../../Engine/Content/Internationalization/icudt64l/region/ff_Latn_MR.res" 1680
"../../../Engine/Content/Internationalization/icudt64l/lang/ff_SN.res" 1681
"../../../Engine/Content/Internationalization/icudt64l/lang/ff_Latn_SN.res" 1682
"../../../Engine/Content/Internationalization/icudt64l/region/ff_SN.res" 1683
"../../../Engine/Content/Internationalization/icudt64l/region/ff_Latn_SN.res" 1684
"../../../Engine/Content/Internationalization/icudt64l/lang/fi.res" 1685
"../../../Engine/Content/Internationalization/icudt64l/region/fi.res" 1686
"../../../Engine/Content/Internationalization/icudt64l/lang/fil.res" 1687
"../../../Engine/Content/Internationalization/icudt64l/lang/fil_PH.res" 1688
"../../../Engine/Content/Internationalization/icudt64l/region/fil_PH.res" 1689
"../../../Engine/Content/Internationalization/icudt64l/region/fil.res" 1690
"../../../Engine/Content/Internationalization/icudt64l/lang/fo.res" 1691
"../../../Engine/Content/Internationalization/icudt64l/region/fo.res" 1692
"../../../Engine/Content/Internationalization/icudt64l/lang/fr.res" 1693
"../../../Engine/Content/Internationalization/icudt64l/lang/fr_BE.res" 1694
"../../../Engine/Content/Internationalization/icudt64l/region/fr_BE.res" 1695
"../../../Engine/Content/Internationalization/icudt64l/region/fr.res" 1696
"../../../Engine/Content/Internationalization/icudt64l/lang/fr_CA.res" 1697
"../../../Engine/Content/Internationalization/icudt64l/region/fr_CA.res" 1698
"../../../Engine/Content/Internationalization/icudt64l/lang/fr_CH.res" 1699
"../../../Engine/Content/Internationalization/icudt64l/lang/fur.res" 1700
"../../../Engine/Content/Internationalization/icudt64l/region/fur.res" 1701
"../../../Engine/Content/Internationalization/icudt64l/lang/fy.res" 1702
"../../../Engine/Content/Internationalization/icudt64l/region/fy.res" 1703
"../../../Engine/Content/Internationalization/icudt64l/lang/ga.res" 1704
"../../../Engine/Content/Internationalization/icudt64l/region/ga.res" 1705
"../../../Engine/Content/Internationalization/icudt64l/lang/gd.res" 1706
"../../../Engine/Content/Internationalization/icudt64l/region/gd.res" 1707
"../../../Engine/Content/Internationalization/icudt64l/lang/gl.res" 1708
"../../../Engine/Content/Internationalization/icudt64l/region/gl.res" 1709
"../../../Engine/Content/Internationalization/icudt64l/lang/gsw.res" 1710
"../../../Engine/Content/Internationalization/icudt64l/region/gsw.res" 1711
"../../../Engine/Content/Internationalization/icudt64l/lang/gu.res" 1712
"../../../Engine/Content/Internationalization/icudt64l/region/gu.res" 1713
"../../../Engine/Content/Internationalization/icudt64l/lang/guz.res" 1714
"../../../Engine/Content/Internationalization/icudt64l/region/guz.res" 1715
"../../../Engine/Content/Internationalization/icudt64l/lang/gv.res" 1716
"../../../Engine/Content/Internationalization/icudt64l/region/gv.res" 1717
"../../../Engine/Content/Internationalization/icudt64l/lang/ha.res" 1718
"../../../Engine/Content/Internationalization/icudt64l/region/ha.res" 1719
"../../../Engine/Content/Internationalization/icudt64l/lang/ha_NE.res" 1720
"../../../Engine/Content/Internationalization/icudt64l/region/ha_NE.res" 1721
"../../../Engine/Content/Internationalization/icudt64l/lang/haw.res" 1722
"../../../Engine/Content/Internationalization/icudt64l/region/haw.res" 1723
"../../../Engine/Content/Internationalization/icudt64l/lang/he.res" 1724
"../../../Engine/Content/Internationalization/icudt64l/lang/he_IL.res" 1725
"../../../Engine/Content/Internationalization/icudt64l/region/he_IL.res" 1726
"../../../Engine/Content/Internationalization/icudt64l/region/he.res" 1727
"../../../Engine/Content/Internationalization/icudt64l/lang/hi.res" 1728
"../../../Engine/Content/Internationalization/icudt64l/region/hi.res" 1729
"../../../Engine/Content/Internationalization/icudt64l/lang/hr.res" 1730
"../../../Engine/Content/Internationalization/icudt64l/region/hr.res" 1731
"../../../Engine/Content/Internationalization/icudt64l/lang/hsb.res" 1732
"../../../Engine/Content/Internationalization/icudt64l/region/hsb.res" 1733
"../../../Engine/Content/Internationalization/icudt64l/lang/hu.res" 1734
"../../../Engine/Content/Internationalization/icudt64l/region/hu.res" 1735
"../../../Engine/Content/Internationalization/icudt64l/lang/hy.res" 1736
"../../../Engine/Content/Internationalization/icudt64l/region/hy.res" 1737
"../../../Engine/Content/Internationalization/icudt64l/lang/ia.res" 1738
"../../../Engine/Content/Internationalization/icudt64l/region/ia.res" 1739
"../../../Engine/Content/Internationalization/icudt64l/lang/id.res" 1740
"../../../Engine/Content/Internationalization/icudt64l/lang/id_ID.res" 1741
"../../../Engine/Content/Internationalization/icudt64l/region/id_ID.res" 1742
"../../../Engine/Content/Internationalization/icudt64l/region/id.res" 1743
"../../../Engine/Content/Internationalization/icudt64l/lang/ig.res" 1744
"../../../Engine/Content/Internationalization/icudt64l/region/ig.res" 1745
"../../../Engine/Content/Internationalization/icudt64l/lang/ii.res" 1746
"../../../Engine/Content/Internationalization/icudt64l/region/ii.res" 1747
"../../../Engine/Content/Internationalization/icudt64l/lang/is.res" 1748
"../../../Engine/Content/Internationalization/icudt64l/region/is.res" 1749
"../../../Engine/Content/Internationalization/icudt64l/lang/it.res" 1750
"../../../Engine/Content/Internationalization/icudt64l/region/it.res" 1751
"../../../Engine/Content/Internationalization/icudt64l/lang/ja.res" 1752
"../../../Engine/Content/Internationalization/icudt64l/lang/ja_JP.res" 1753
"../../../Engine/Content/Internationalization/icudt64l/region/ja_JP.res" 1754
"../../../Engine/Content/Internationalization/icudt64l/region/ja.res" 1755
"../../../Engine/Content/Internationalization/icudt64l/lang/jgo.res" 1756
"../../../Engine/Content/Internationalization/icudt64l/region/jgo.res" 1757
"../../../Engine/Content/Internationalization/icudt64l/lang/jmc.res" 1758
"../../../Engine/Content/Internationalization/icudt64l/region/jmc.res" 1759
"../../../Engine/Content/Internationalization/icudt64l/lang/jv.res" 1760
"../../../Engine/Content/Internationalization/icudt64l/region/jv.res" 1761
"../../../Engine/Content/Internationalization/icudt64l/lang/ka.res" 1762
"../../../Engine/Content/Internationalization/icudt64l/region/ka.res" 1763
"../../../Engine/Content/Internationalization/icudt64l/lang/kab.res" 1764
"../../../Engine/Content/Internationalization/icudt64l/region/kab.res" 1765
"../../../Engine/Content/Internationalization/icudt64l/lang/kam.res" 1766
"../../../Engine/Content/Internationalization/icudt64l/region/kam.res" 1767
"../../../Engine/Content/Internationalization/icudt64l/lang/kde.res" 1768
"../../../Engine/Content/Internationalization/icudt64l/region/kde.res" 1769
"../../../Engine/Content/Internationalization/icudt64l/lang/kea.res" 1770
"../../../Engine/Content/Internationalization/icudt64l/region/kea.res" 1771
"../../../Engine/Content/Internationalization/icudt64l/lang/khq.res" 1772
"../../../Engine/Content/Internationalization/icudt64l/region/khq.res" 1773
"../../../Engine/Content/Internationalization/icudt64l/lang/ki.res" 1774
"../../../Engine/Content/Internationalization/icudt64l/region/ki.res" 1775
"../../../Engine/Content/Internationalization/icudt64l/lang/kk.res" 1776
"../../../Engine/Content/Internationalization/icudt64l/region/kk.res" 1777
"../../../Engine/Content/Internationalization/icudt64l/lang/kkj.res" 1778
"../../../Engine/Content/Internationalization/icudt64l/region/kkj.res" 1779
"../../../Engine/Content/Internationalization/icudt64l/lang/kl.res" 1780
"../../../Engine/Content/Internationalization/icudt64l/region/kl.res" 1781
"../../../Engine/Content/Internationalization/icudt64l/lang/kln.res" 1782
"../../../Engine/Content/Internationalization/icudt64l/region/kln.res" 1783
"../../../Engine/Content/Internationalization/icudt64l/lang/km.res" 1784
"../../../Engine/Content/Internationalization/icudt64l/region/km.res" 1785
"../../../Engine/Content/Internationalization/icudt64l/lang/kn.res" 1786
"../../../Engine/Content/Internationalization/icudt64l/region/kn.res" 1787
"../../../Engine/Content/Internationalization/icudt64l/lang/ko.res" 1788
"../../../Engine/Content/Internationalization/icudt64l/region/ko_KP.res" 1789
"../../../Engine/Content/Internationalization/icudt64l/region/ko.res" 1790
"../../../Engine/Content/Internationalization/icudt64l/lang/kok.res" 1791
"../../../Engine/Content/Internationalization/icudt64l/region/kok.res" 1792
"../../../Engine/Content/Internationalization/icudt64l/lang/ks.res" 1793
"../../../Engine/Content/Internationalization/icudt64l/region/ks.res" 1794
"../../../Engine/Content/Internationalization/icudt64l/lang/ksb.res" 1795
"../../../Engine/Content/Internationalization/icudt64l/region/ksb.res" 1796
"../../../Engine/Content/Internationalization/icudt64l/lang/ksf.res" 1797
"../../../Engine/Content/Internationalization/icudt64l/region/ksf.res" 1798
"../../../Engine/Content/Internationalization/icudt64l/lang/ksh.res" 1799
"../../../Engine/Content/Internationalization/icudt64l/region/ksh.res" 1800
"../../../Engine/Content/Internationalization/icudt64l/lang/ku.res" 1801
"../../../Engine/Content/Internationalization/icudt64l/region/ku.res" 1802
"../../../Engine/Content/Internationalization/icudt64l/lang/kw.res" 1803
"../../../Engine/Content/Internationalization/icudt64l/region/kw.res" 1804
"../../../Engine/Content/Internationalization/icudt64l/lang/ky.res" 1805
"../../../Engine/Content/Internationalization/icudt64l/region/ky.res" 1806
"../../../Engine/Content/Internationalization/icudt64l/lang/lag.res" 1807
"../../../Engine/Content/Internationalization/icudt64l/region/lag.res" 1808
"../../../Engine/Content/Internationalization/icudt64l/lang/lb.res" 1809
"../../../Engine/Content/Internationalization/icudt64l/region/lb.res" 1810
"../../../Engine/Content/Internationalization/icudt64l/lang/lg.res" 1811
"../../../Engine/Content/Internationalization/icudt64l/region/lg.res" 1812
"../../../Engine/Content/Internationalization/icudt64l/lang/lkt.res" 1813
"../../../Engine/Content/Internationalization/icudt64l/region/lkt.res" 1814
"../../../Engine/Content/Internationalization/icudt64l/lang/ln.res" 1815
"../../../Engine/Content/Internationalization/icudt64l/region/ln.res" 1816
"../../../Engine/Content/Internationalization/icudt64l/lang/lo.res" 1817
"../../../Engine/Content/Internationalization/icudt64l/region/lo.res" 1818
"../../../Engine/Content/Internationalization/icudt64l/lang/lrc.res" 1819
"../../../Engine/Content/Internationalization/icudt64l/region/lrc.res" 1820
"../../../Engine/Content/Internationalization/icudt64l/lang/lt.res" 1821
"../../../Engine/Content/Internationalization/icudt64l/region/lt.res" 1822
"../../../Engine/Content/Internationalization/icudt64l/lang/lu.res" 1823
"../../../Engine/Content/Internationalization/icudt64l/region/lu.res" 1824
"../../../Engine/Content/Internationalization/icudt64l/lang/luo.res" 1825
"../../../Engine/Content/Internationalization/icudt64l/region/luo.res" 1826
"../../../Engine/Content/Internationalization/icudt64l/lang/luy.res" 1827
"../../../Engine/Content/Internationalization/icudt64l/region/luy.res" 1828
"../../../Engine/Content/Internationalization/icudt64l/lang/lv.res" 1829
"../../../Engine/Content/Internationalization/icudt64l/region/lv.res" 1830
"../../../Engine/Content/Internationalization/icudt64l/lang/mas.res" 1831
"../../../Engine/Content/Internationalization/icudt64l/region/mas.res" 1832
"../../../Engine/Content/Internationalization/icudt64l/lang/mer.res" 1833
"../../../Engine/Content/Internationalization/icudt64l/region/mer.res" 1834
"../../../Engine/Content/Internationalization/icudt64l/lang/mfe.res" 1835
"../../../Engine/Content/Internationalization/icudt64l/region/mfe.res" 1836
"../../../Engine/Content/Internationalization/icudt64l/lang/mg.res" 1837
"../../../Engine/Content/Internationalization/icudt64l/region/mg.res" 1838
"../../../Engine/Content/Internationalization/icudt64l/lang/mgh.res" 1839
"../../../Engine/Content/Internationalization/icudt64l/region/mgh.res" 1840
"../../../Engine/Content/Internationalization/icudt64l/lang/mgo.res" 1841
"../../../Engine/Content/Internationalization/icudt64l/region/mgo.res" 1842
"../../../Engine/Content/Internationalization/icudt64l/lang/mi.res" 1843
"../../../Engine/Content/Internationalization/icudt64l/region/mi.res" 1844
"../../../Engine/Content/Internationalization/icudt64l/lang/mk.res" 1845
"../../../Engine/Content/Internationalization/icudt64l/region/mk.res" 1846
"../../../Engine/Content/Internationalization/icudt64l/lang/ml.res" 1847
"../../../Engine/Content/Internationalization/icudt64l/region/ml.res" 1848
"../../../Engine/Content/Internationalization/icudt64l/lang/mn.res" 1849
"../../../Engine/Content/Internationalization/icudt64l/region/mn.res" 1850
"../../../Engine/Content/Internationalization/icudt64l/lang/mr.res" 1851
"../../../Engine/Content/Internationalization/icudt64l/region/mr.res" 1852
"../../../Engine/Content/Internationalization/icudt64l/lang/ms.res" 1853
"../../../Engine/Content/Internationalization/icudt64l/region/ms.res" 1854
"../../../Engine/Content/Internationalization/icudt64l/lang/mt.res" 1855
"../../../Engine/Content/Internationalization/icudt64l/region/mt.res" 1856
"../../../Engine/Content/Internationalization/icudt64l/lang/mua.res" 1857
"../../../Engine/Content/Internationalization/icudt64l/region/mua.res" 1858
"../../../Engine/Content/Internationalization/icudt64l/lang/my.res" 1859
"../../../Engine/Content/Internationalization/icudt64l/region/my.res" 1860
"../../../Engine/Content/Internationalization/icudt64l/lang/mzn.res" 1861
"../../../Engine/Content/Internationalization/icudt64l/region/mzn.res" 1862
"../../../Engine/Content/Internationalization/icudt64l/lang/naq.res" 1863
"../../../Engine/Content/Internationalization/icudt64l/region/naq.res" 1864
"../../../Engine/Content/Internationalization/icudt64l/lang/nb.res" 1865
"../../../Engine/Content/Internationalization/icudt64l/lang/nb_NO.res" 1866
"../../../Engine/Content/Internationalization/icudt64l/region/nb_NO.res" 1867
"../../../Engine/Content/Internationalization/icudt64l/region/nb.res" 1868
"../../../Engine/Content/Internationalization/icudt64l/lang/nd.res" 1869
"../../../Engine/Content/Internationalization/icudt64l/region/nd.res" 1870
"../../../Engine/Content/Internationalization/icudt64l/lang/nds.res" 1871
"../../../Engine/Content/Internationalization/icudt64l/region/nds.res" 1872
"../../../Engine/Content/Internationalization/icudt64l/lang/ne.res" 1873
"../../../Engine/Content/Internationalization/icudt64l/region/ne.res" 1874
"../../../Engine/Content/Internationalization/icudt64l/lang/nl.res" 1875
"../../../Engine/Content/Internationalization/icudt64l/region/nl.res" 1876
"../../../Engine/Content/Internationalization/icudt64l/lang/nmg.res" 1877
"../../../Engine/Content/Internationalization/icudt64l/region/nmg.res" 1878
"../../../Engine/Content/Internationalization/icudt64l/lang/nn.res" 1879
"../../../Engine/Content/Internationalization/icudt64l/lang/nn_NO.res" 1880
"../../../Engine/Content/Internationalization/icudt64l/region/nn_NO.res" 1881
"../../../Engine/Content/Internationalization/icudt64l/region/nn.res" 1882
"../../../Engine/Content/Internationalization/icudt64l/lang/nnh.res" 1883
"../../../Engine/Content/Internationalization/icudt64l/region/nnh.res" 1884
"../../../Engine/Content/Internationalization/icudt64l/lang/nus.res" 1885
"../../../Engine/Content/Internationalization/icudt64l/region/nus.res" 1886
"../../../Engine/Content/Internationalization/icudt64l/lang/nyn.res" 1887
"../../../Engine/Content/Internationalization/icudt64l/region/nyn.res" 1888
"../../../Engine/Content/Internationalization/icudt64l/lang/om.res" 1889
"../../../Engine/Content/Internationalization/icudt64l/region/om.res" 1890
"../../../Engine/Content/Internationalization/icudt64l/lang/or.res" 1891
"../../../Engine/Content/Internationalization/icudt64l/region/or.res" 1892
"../../../Engine/Content/Internationalization/icudt64l/lang/os.res" 1893
"../../../Engine/Content/Internationalization/icudt64l/region/os.res" 1894
"../../../Engine/Content/Internationalization/icudt64l/lang/pa.res" 1895
"../../../Engine/Content/Internationalization/icudt64l/lang/pa_Arab.res" 1896
"../../../Engine/Content/Internationalization/icudt64l/lang/pa_PK.res" 1897
"../../../Engine/Content/Internationalization/icudt64l/lang/pa_Arab_PK.res" 1898
"../../../Engine/Content/Internationalization/icudt64l/region/pa_PK.res" 1899
"../../../Engine/Content/Internationalization/icudt64l/region/pa_Arab_PK.res" 1900
"../../../Engine/Content/Internationalization/icudt64l/region/pa_Arab.res" 1901
"../../../Engine/Content/Internationalization/icudt64l/lang/pa_Guru.res" 1902
"../../../Engine/Content/Internationalization/icudt64l/lang/pa_IN.res" 1903
"../../../Engine/Content/Internationalization/icudt64l/lang/pa_Guru_IN.res" 1904
"../../../Engine/Content/Internationalization/icudt64l/region/pa_IN.res" 1905
"../../../Engine/Content/Internationalization/icudt64l/region/pa_Guru_IN.res" 1906
"../../../Engine/Content/Internationalization/icudt64l/region/pa_Guru.res" 1907
"../../../Engine/Content/Internationalization/icudt64l/region/pa.res" 1908
"../../../Engine/Content/Internationalization/icudt64l/lang/pl.res" 1909
"../../../Engine/Content/Internationalization/icudt64l/region/pl.res" 1910
"../../../Engine/Content/Internationalization/icudt64l/lang/ps.res" 1911
"../../../Engine/Content/Internationalization/icudt64l/region/ps.res" 1912
"../../../Engine/Content/Internationalization/icudt64l/lang/ps_PK.res" 1913
"../../../Engine/Content/Internationalization/icudt64l/region/ps_PK.res" 1914
"../../../Engine/Content/Internationalization/icudt64l/lang/pt_AO.res" 1915
"../../../Engine/Content/Internationalization/icudt64l/lang/pt_PT.res" 1916
"../../../Engine/Content/Internationalization/icudt64l/region/pt_AO.res" 1917
"../../../Engine/Content/Internationalization/icudt64l/region/pt_PT.res" 1918
"../../../Engine/Content/Internationalization/icudt64l/lang/pt_CH.res" 1919
"../../../Engine/Content/Internationalization/icudt64l/region/pt_CH.res" 1920
"../../../Engine/Content/Internationalization/icudt64l/lang/pt_CV.res" 1921
"../../../Engine/Content/Internationalization/icudt64l/region/pt_CV.res" 1922
"../../../Engine/Content/Internationalization/icudt64l/lang/pt_GQ.res" 1923
"../../../Engine/Content/Internationalization/icudt64l/region/pt_GQ.res" 1924
"../../../Engine/Content/Internationalization/icudt64l/lang/pt_GW.res" 1925
"../../../Engine/Content/Internationalization/icudt64l/region/pt_GW.res" 1926
"../../../Engine/Content/Internationalization/icudt64l/lang/pt_LU.res" 1927
"../../../Engine/Content/Internationalization/icudt64l/region/pt_LU.res" 1928
"../../../Engine/Content/Internationalization/icudt64l/lang/pt_MO.res" 1929
"../../../Engine/Content/Internationalization/icudt64l/region/pt_MO.res" 1930
"../../../Engine/Content/Internationalization/icudt64l/lang/pt_MZ.res" 1931
"../../../Engine/Content/Internationalization/icudt64l/region/pt_MZ.res" 1932
"../../../Engine/Content/Internationalization/icudt64l/lang/pt_ST.res" 1933
"../../../Engine/Content/Internationalization/icudt64l/region/pt_ST.res" 1934
"../../../Engine/Content/Internationalization/icudt64l/lang/pt_TL.res" 1935
"../../../Engine/Content/Internationalization/icudt64l/region/pt_TL.res" 1936
"../../../Engine/Content/Internationalization/icudt64l/lang/qu.res" 1937
"../../../Engine/Content/Internationalization/icudt64l/region/qu.res" 1938
"../../../Engine/Content/Internationalization/icudt64l/lang/rm.res" 1939
"../../../Engine/Content/Internationalization/icudt64l/region/rm.res" 1940
"../../../Engine/Content/Internationalization/icudt64l/lang/rn.res" 1941
"../../../Engine/Content/Internationalization/icudt64l/region/rn.res" 1942
"../../../Engine/Content/Internationalization/icudt64l/lang/ro.res" 1943
"../../../Engine/Content/Internationalization/icudt64l/lang/ro_MD.res" 1944
"../../../Engine/Content/Internationalization/icudt64l/region/ro_MD.res" 1945
"../../../Engine/Content/Internationalization/icudt64l/region/ro.res" 1946
"../../../Engine/Content/Internationalization/icudt64l/lang/rof.res" 1947
"../../../Engine/Content/Internationalization/icudt64l/region/rof.res" 1948
"../../../Engine/Content/Internationalization/icudt64l/lang/ru.res" 1949
"../../../Engine/Content/Internationalization/icudt64l/region/ru.res" 1950
"../../../Engine/Content/Internationalization/icudt64l/region/ru_UA.res" 1951
"../../../Engine/Content/Internationalization/icudt64l/lang/rw.res" 1952
"../../../Engine/Content/Internationalization/icudt64l/region/rw.res" 1953
"../../../Engine/Content/Internationalization/icudt64l/lang/rwk.res" 1954
"../../../Engine/Content/Internationalization/icudt64l/region/rwk.res" 1955
"../../../Engine/Content/Internationalization/icudt64l/lang/sah.res" 1956
"../../../Engine/Content/Internationalization/icudt64l/region/sah.res" 1957
"../../../Engine/Content/Internationalization/icudt64l/lang/saq.res" 1958
"../../../Engine/Content/Internationalization/icudt64l/region/saq.res" 1959
"../../../Engine/Content/Internationalization/icudt64l/lang/sbp.res" 1960
"../../../Engine/Content/Internationalization/icudt64l/region/sbp.res" 1961
"../../../Engine/Content/Internationalization/icudt64l/lang/sd.res" 1962
"../../../Engine/Content/Internationalization/icudt64l/region/sd.res" 1963
"../../../Engine/Content/Internationalization/icudt64l/lang/se.res" 1964
"../../../Engine/Content/Internationalization/icudt64l/lang/se_FI.res" 1965
"../../../Engine/Content/Internationalization/icudt64l/region/se_FI.res" 1966
"../../../Engine/Content/Internationalization/icudt64l/region/se.res" 1967
"../../../Engine/Content/Internationalization/icudt64l/lang/seh.res" 1968
"../../../Engine/Content/Internationalization/icudt64l/region/seh.res" 1969
"../../../Engine/Content/Internationalization/icudt64l/lang/ses.res" 1970
"../../../Engine/Content/Internationalization/icudt64l/region/ses.res" 1971
"../../../Engine/Content/Internationalization/icudt64l/lang/sg.res" 1972
"../../../Engine/Content/Internationalization/icudt64l/region/sg.res" 1973
"../../../Engine/Content/Internationalization/icudt64l/lang/shi.res" 1974
"../../../Engine/Content/Internationalization/icudt64l/lang/shi_Latn.res" 1975
"../../../Engine/Content/Internationalization/icudt64l/lang/shi_MA.res" 1976
"../../../Engine/Content/Internationalization/icudt64l/lang/shi_Tfng_MA.res" 1977
"../../../Engine/Content/Internationalization/icudt64l/lang/shi_Tfng.res" 1978
"../../../Engine/Content/Internationalization/icudt64l/region/shi_MA.res" 1979
"../../../Engine/Content/Internationalization/icudt64l/region/shi_Tfng_MA.res" 1980
"../../../Engine/Content/Internationalization/icudt64l/region/shi_Tfng.res" 1981
"../../../Engine/Content/Internationalization/icudt64l/region/shi.res" 1982
"../../../Engine/Content/Internationalization/icudt64l/region/shi_Latn.res" 1983
"../../../Engine/Content/Internationalization/icudt64l/lang/si.res" 1984
"../../../Engine/Content/Internationalization/icudt64l/region/si.res" 1985
"../../../Engine/Content/Internationalization/icudt64l/lang/sk.res" 1986
"../../../Engine/Content/Internationalization/icudt64l/region/sk.res" 1987
"../../../Engine/Content/Internationalization/icudt64l/lang/sl.res" 1988
"../../../Engine/Content/Internationalization/icudt64l/region/sl.res" 1989
"../../../Engine/Content/Internationalization/icudt64l/lang/smn.res" 1990
"../../../Engine/Content/Internationalization/icudt64l/region/smn.res" 1991
"../../../Engine/Content/Internationalization/icudt64l/lang/sn.res" 1992
"../../../Engine/Content/Internationalization/icudt64l/region/sn.res" 1993
"../../../Engine/Content/Internationalization/icudt64l/lang/so.res" 1994
"../../../Engine/Content/Internationalization/icudt64l/region/so.res" 1995
"../../../Engine/Content/Internationalization/icudt64l/lang/sq.res" 1996
"../../../Engine/Content/Internationalization/icudt64l/region/sq.res" 1997
"../../../Engine/Content/Internationalization/icudt64l/lang/sr.res" 1998
"../../../Engine/Content/Internationalization/icudt64l/lang/sr_Cyrl.res" 1999
"../../../Engine/Content/Internationalization/icudt64l/lang/sr_BA.res" 2000
"../../../Engine/Content/Internationalization/icudt64l/lang/sr_Cyrl_BA.res" 2001
"../../../Engine/Content/Internationalization/icudt64l/region/sr_BA.res" 2002
"../../../Engine/Content/Internationalization/icudt64l/region/sr_Cyrl_BA.res" 2003
"../../../Engine/Content/Internationalization/icudt64l/region/sr_Cyrl.res" 2004
"../../../Engine/Content/Internationalization/icudt64l/region/sr.res" 2005
"../../../Engine/Content/Internationalization/icudt64l/lang/sr_ME.res" 2006
"../../../Engine/Content/Internationalization/icudt64l/lang/sr_Latn_ME.res" 2007
"../../../Engine/Content/Internationalization/icudt64l/lang/sr_Latn.res" 2008
"../../../Engine/Content/Internationalization/icudt64l/region/sr_ME.res" 2009
"../../../Engine/Content/Internationalization/icudt64l/region/sr_Latn_ME.res" 2010
"../../../Engine/Content/Internationalization/icudt64l/region/sr_Latn.res" 2011
"../../../Engine/Content/Internationalization/icudt64l/lang/sr_Cyrl_ME.res" 2012
"../../../Engine/Content/Internationalization/icudt64l/region/sr_Cyrl_ME.res" 2013
"../../../Engine/Content/Internationalization/icudt64l/lang/sr_RS.res" 2014
"../../../Engine/Content/Internationalization/icudt64l/lang/sr_Cyrl_RS.res" 2015
"../../../Engine/Content/Internationalization/icudt64l/region/sr_RS.res" 2016
"../../../Engine/Content/Internationalization/icudt64l/region/sr_Cyrl_RS.res" 2017
"../../../Engine/Content/Internationalization/icudt64l/lang/sr_XK.res" 2018
"../../../Engine/Content/Internationalization/icudt64l/lang/sr_Cyrl_XK.res" 2019
"../../../Engine/Content/Internationalization/icudt64l/region/sr_XK.res" 2020
"../../../Engine/Content/Internationalization/icudt64l/region/sr_Cyrl_XK.res" 2021
"../../../Engine/Content/Internationalization/icudt64l/lang/sr_Latn_BA.res" 2022
"../../../Engine/Content/Internationalization/icudt64l/region/sr_Latn_BA.res" 2023
"../../../Engine/Content/Internationalization/icudt64l/lang/sr_Latn_RS.res" 2024
"../../../Engine/Content/Internationalization/icudt64l/region/sr_Latn_RS.res" 2025
"../../../Engine/Content/Internationalization/icudt64l/lang/sr_Latn_XK.res" 2026
"../../../Engine/Content/Internationalization/icudt64l/region/sr_Latn_XK.res" 2027
"../../../Engine/Content/Internationalization/icudt64l/lang/sv.res" 2028
"../../../Engine/Content/Internationalization/icudt64l/region/sv.res" 2029
"../../../Engine/Content/Internationalization/icudt64l/lang/sv_FI.res" 2030
"../../../Engine/Content/Internationalization/icudt64l/lang/sw.res" 2031
"../../../Engine/Content/Internationalization/icudt64l/lang/sw_CD.res" 2032
"../../../Engine/Content/Internationalization/icudt64l/region/sw_CD.res" 2033
"../../../Engine/Content/Internationalization/icudt64l/region/sw.res" 2034
"../../../Engine/Content/Internationalization/icudt64l/lang/sw_KE.res" 2035
"../../../Engine/Content/Internationalization/icudt64l/region/sw_KE.res" 2036
"../../../Engine/Content/Internationalization/icudt64l/lang/ta.res" 2037
"../../../Engine/Content/Internationalization/icudt64l/region/ta.res" 2038
"../../../Engine/Content/Internationalization/icudt64l/lang/te.res" 2039
"../../../Engine/Content/Internationalization/icudt64l/region/te.res" 2040
"../../../Engine/Content/Internationalization/icudt64l/lang/teo.res" 2041
"../../../Engine/Content/Internationalization/icudt64l/region/teo.res" 2042
"../../../Engine/Content/Internationalization/icudt64l/lang/tg.res" 2043
"../../../Engine/Content/Internationalization/icudt64l/region/tg.res" 2044
"../../../Engine/Content/Internationalization/icudt64l/lang/th.res" 2045
"../../../Engine/Content/Internationalization/icudt64l/lang/th_TH.res" 2046
"../../../Engine/Content/Internationalization/icudt64l/region/th_TH.res" 2047
"../../../Engine/Content/Internationalization/icudt64l/region/th.res" 2048
"../../../Engine/Content/Internationalization/icudt64l/lang/ti.res" 2049
"../../../Engine/Content/Internationalization/icudt64l/region/ti.res" 2050
"../../../Engine/Content/Internationalization/icudt64l/lang/tk.res" 2051
"../../../Engine/Content/Internationalization/icudt64l/region/tk.res" 2052
"../../../Engine/Content/Internationalization/icudt64l/lang/to.res" 2053
"../../../Engine/Content/Internationalization/icudt64l/region/to.res" 2054
"../../../Engine/Content/Internationalization/icudt64l/lang/tr.res" 2055
"../../../Engine/Content/Internationalization/icudt64l/region/tr.res" 2056
"../../../Engine/Content/Internationalization/icudt64l/lang/tt.res" 2057
"../../../Engine/Content/Internationalization/icudt64l/region/tt.res" 2058
"../../../Engine/Content/Internationalization/icudt64l/lang/twq.res" 2059
"../../../Engine/Content/Internationalization/icudt64l/region/twq.res" 2060
"../../../Engine/Content/Internationalization/icudt64l/lang/tzm.res" 2061
"../../../Engine/Content/Internationalization/icudt64l/region/tzm.res" 2062
"../../../Engine/Content/Internationalization/icudt64l/lang/ug.res" 2063
"../../../Engine/Content/Internationalization/icudt64l/region/ug.res" 2064
"../../../Engine/Content/Internationalization/icudt64l/lang/uk.res" 2065
"../../../Engine/Content/Internationalization/icudt64l/region/uk.res" 2066
"../../../Engine/Content/Internationalization/icudt64l/lang/ur.res" 2067
"../../../Engine/Content/Internationalization/icudt64l/lang/ur_IN.res" 2068
"../../../Engine/Content/Internationalization/icudt64l/region/ur_IN.res" 2069
"../../../Engine/Content/Internationalization/icudt64l/region/ur.res" 2070
"../../../Engine/Content/Internationalization/icudt64l/lang/uz.res" 2071
"../../../Engine/Content/Internationalization/icudt64l/lang/uz_Arab.res" 2072
"../../../Engine/Content/Internationalization/icudt64l/lang/uz_AF.res" 2073
"../../../Engine/Content/Internationalization/icudt64l/lang/uz_Arab_AF.res" 2074
"../../../Engine/Content/Internationalization/icudt64l/region/uz_AF.res" 2075
"../../../Engine/Content/Internationalization/icudt64l/region/uz_Arab_AF.res" 2076
"../../../Engine/Content/Internationalization/icudt64l/region/uz_Arab.res" 2077
"../../../Engine/Content/Internationalization/icudt64l/lang/uz_Cyrl.res" 2078
"../../../Engine/Content/Internationalization/icudt64l/lang/uz_UZ.res" 2079
"../../../Engine/Content/Internationalization/icudt64l/lang/uz_Latn_UZ.res" 2080
"../../../Engine/Content/Internationalization/icudt64l/lang/uz_Latn.res" 2081
"../../../Engine/Content/Internationalization/icudt64l/region/uz_UZ.res" 2082
"../../../Engine/Content/Internationalization/icudt64l/region/uz_Latn_UZ.res" 2083
"../../../Engine/Content/Internationalization/icudt64l/region/uz_Latn.res" 2084
"../../../Engine/Content/Internationalization/icudt64l/region/uz.res" 2085
"../../../Engine/Content/Internationalization/icudt64l/region/uz_Cyrl.res" 2086
"../../../Engine/Content/Internationalization/icudt64l/lang/vai.res" 2087
"../../../Engine/Content/Internationalization/icudt64l/lang/vai_Latn.res" 2088
"../../../Engine/Content/Internationalization/icudt64l/lang/vai_LR.res" 2089
"../../../Engine/Content/Internationalization/icudt64l/lang/vai_Vaii_LR.res" 2090
"../../../Engine/Content/Internationalization/icudt64l/lang/vai_Vaii.res" 2091
"../../../Engine/Content/Internationalization/icudt64l/region/vai_LR.res" 2092
"../../../Engine/Content/Internationalization/icudt64l/region/vai_Vaii_LR.res" 2093
"../../../Engine/Content/Internationalization/icudt64l/region/vai_Vaii.res" 2094
"../../../Engine/Content/Internationalization/icudt64l/region/vai.res" 2095
"../../../Engine/Content/Internationalization/icudt64l/region/vai_Latn.res" 2096
"../../../Engine/Content/Internationalization/icudt64l/lang/vi.res" 2097
"../../../Engine/Content/Internationalization/icudt64l/region/vi.res" 2098
"../../../Engine/Content/Internationalization/icudt64l/lang/vun.res" 2099
"../../../Engine/Content/Internationalization/icudt64l/region/vun.res" 2100
"../../../Engine/Content/Internationalization/icudt64l/lang/wae.res" 2101
"../../../Engine/Content/Internationalization/icudt64l/region/wae.res" 2102
"../../../Engine/Content/Internationalization/icudt64l/lang/wo.res" 2103
"../../../Engine/Content/Internationalization/icudt64l/region/wo.res" 2104
"../../../Engine/Content/Internationalization/icudt64l/lang/xh.res" 2105
"../../../Engine/Content/Internationalization/icudt64l/region/xh.res" 2106
"../../../Engine/Content/Internationalization/icudt64l/lang/xog.res" 2107
"../../../Engine/Content/Internationalization/icudt64l/region/xog.res" 2108
"../../../Engine/Content/Internationalization/icudt64l/lang/yav.res" 2109
"../../../Engine/Content/Internationalization/icudt64l/region/yav.res" 2110
"../../../Engine/Content/Internationalization/icudt64l/lang/yi.res" 2111
"../../../Engine/Content/Internationalization/icudt64l/region/yi.res" 2112
"../../../Engine/Content/Internationalization/icudt64l/lang/yo.res" 2113
"../../../Engine/Content/Internationalization/icudt64l/lang/yo_BJ.res" 2114
"../../../Engine/Content/Internationalization/icudt64l/region/yo_BJ.res" 2115
"../../../Engine/Content/Internationalization/icudt64l/region/yo.res" 2116
"../../../Engine/Content/Internationalization/icudt64l/lang/yue.res" 2117
"../../../Engine/Content/Internationalization/icudt64l/lang/yue_Hans.res" 2118
"../../../Engine/Content/Internationalization/icudt64l/lang/yue_CN.res" 2119
"../../../Engine/Content/Internationalization/icudt64l/lang/yue_Hans_CN.res" 2120
"../../../Engine/Content/Internationalization/icudt64l/region/yue_CN.res" 2121
"../../../Engine/Content/Internationalization/icudt64l/region/yue_Hans_CN.res" 2122
"../../../Engine/Content/Internationalization/icudt64l/region/yue_Hans.res" 2123
"../../../Engine/Content/Internationalization/icudt64l/lang/yue_Hant.res" 2124
"../../../Engine/Content/Internationalization/icudt64l/lang/yue_HK.res" 2125
"../../../Engine/Content/Internationalization/icudt64l/lang/yue_Hant_HK.res" 2126
"../../../Engine/Content/Internationalization/icudt64l/region/yue_HK.res" 2127
"../../../Engine/Content/Internationalization/icudt64l/region/yue_Hant_HK.res" 2128
"../../../Engine/Content/Internationalization/icudt64l/region/yue_Hant.res" 2129
"../../../Engine/Content/Internationalization/icudt64l/region/yue.res" 2130
"../../../Engine/Content/Internationalization/icudt64l/lang/zgh.res" 2131
"../../../Engine/Content/Internationalization/icudt64l/region/zgh.res" 2132
"../../../Engine/Content/Internationalization/icudt64l/lang/zh.res" 2133
"../../../Engine/Content/Internationalization/icudt64l/lang/zh_Hans.res" 2134
"../../../Engine/Content/Internationalization/icudt64l/lang/zh_CN.res" 2135
"../../../Engine/Content/Internationalization/icudt64l/lang/zh_Hans_CN.res" 2136
"../../../Engine/Content/Internationalization/icudt64l/region/zh_CN.res" 2137
"../../../Engine/Content/Internationalization/icudt64l/region/zh_Hans_CN.res" 2138
"../../../Engine/Content/Internationalization/icudt64l/region/zh_Hans.res" 2139
"../../../Engine/Content/Internationalization/icudt64l/region/zh.res" 2140
"../../../Engine/Content/Internationalization/icudt64l/lang/zh_HK.res" 2141
"../../../Engine/Content/Internationalization/icudt64l/lang/zh_Hant_HK.res" 2142
"../../../Engine/Content/Internationalization/icudt64l/lang/zh_Hant.res" 2143
"../../../Engine/Content/Internationalization/icudt64l/region/zh_HK.res" 2144
"../../../Engine/Content/Internationalization/icudt64l/region/zh_Hant_HK.res" 2145
"../../../Engine/Content/Internationalization/icudt64l/region/zh_Hant.res" 2146
"../../../Engine/Content/Internationalization/icudt64l/lang/zh_MO.res" 2147
"../../../Engine/Content/Internationalization/icudt64l/lang/zh_Hant_MO.res" 2148
"../../../Engine/Content/Internationalization/icudt64l/region/zh_MO.res" 2149
"../../../Engine/Content/Internationalization/icudt64l/region/zh_Hant_MO.res" 2150
"../../../Engine/Content/Internationalization/icudt64l/lang/zh_SG.res" 2151
"../../../Engine/Content/Internationalization/icudt64l/lang/zh_Hans_SG.res" 2152
"../../../Engine/Content/Internationalization/icudt64l/region/zh_SG.res" 2153
"../../../Engine/Content/Internationalization/icudt64l/region/zh_Hans_SG.res" 2154
"../../../Engine/Content/Internationalization/icudt64l/lang/zh_TW.res" 2155
"../../../Engine/Content/Internationalization/icudt64l/lang/zh_Hant_TW.res" 2156
"../../../Engine/Content/Internationalization/icudt64l/region/zh_TW.res" 2157
"../../../Engine/Content/Internationalization/icudt64l/region/zh_Hant_TW.res" 2158
"../../../Engine/Content/Internationalization/icudt64l/lang/zu.res" 2159
"../../../Engine/Content/Internationalization/icudt64l/region/zu.res" 2160
"../../../Engine/Content/Internationalization/icudt64l/lang/no.res" 2161
"../../../Engine/Content/Internationalization/icudt64l/lang/tl.res" 2162
"../../../Engine/Config/Android/DataDrivenPlatformInfo.ini" 2163
"../../../Engine/Config/IOS/DataDrivenPlatformInfo.ini" 2164
"../../../Engine/Config/Linux/DataDrivenPlatformInfo.ini" 2165
"../../../Engine/Config/Mac/DataDrivenPlatformInfo.ini" 2166
"../../../Engine/Config/TVOS/DataDrivenPlatformInfo.ini" 2167
"../../../Engine/Config/Unix/DataDrivenPlatformInfo.ini" 2168
"../../../Engine/Config/VulkanPC/DataDrivenPlatformInfo.ini" 2169
"../../../Engine/Config/Windows/DataDrivenPlatformInfo.ini" 2170
"../../../Engine/Platforms/VisionOS/Config/DataDrivenPlatformInfo.ini" 2171
"../../../Engine/Content/Renderer/TessellationTable.bin" 2172
"../../../Engine/DerivedDataCache/Compressed.ddp" 2173
"C:/Users/luisf/AppData/Local/UnrealEngine/Common/Zen/Install/zen_plugin_versions.json" 2174
"C:/Users/luisf/AppData/Local/UnrealEngine/5.8/Saved/Zen/zen.version" 2175
"C:/Users/luisf/AppData/Local/UnrealEngine/Common/Zen/Install/zen.version" 2176
"C:/Users/luisf/AppData/Local/UnrealEngine/Common/Zen/Install/security-config.json" 2177
"C:/Users/luisf/AppData/Local/UnrealEngine/Common/Zen/Install/zenserver.runcontext" 2178
"C:/Users/luisf/AppData/Local/UnrealEngine/Common/DerivedDataCache/TestData/0/TestData_4kb.dat" 2179
"C:/Users/luisf/AppData/Local/UnrealEngine/Common/DerivedDataCache/TestData/1/TestData_4kb.dat" 2180
"C:/Users/luisf/AppData/Local/UnrealEngine/Common/DerivedDataCache/TestData/0/TestData_8kb.dat" 2181
"C:/Users/luisf/AppData/Local/UnrealEngine/Common/DerivedDataCache/TestData/1/TestData_8kb.dat" 2182
"C:/Users/luisf/AppData/Local/UnrealEngine/Common/DerivedDataCache/TestData/0/TestData_16kb.dat" 2183
"C:/Users/luisf/AppData/Local/UnrealEngine/Common/DerivedDataCache/TestData/1/TestData_16kb.dat" 2184
"C:/Users/luisf/AppData/Local/UnrealEngine/Common/DerivedDataCache/TestData/0/TestData_64kb.dat" 2185
"C:/Users/luisf/AppData/Local/UnrealEngine/Common/DerivedDataCache/TestData/1/TestData_64kb.dat" 2186
"C:/Users/luisf/AppData/Local/UnrealEngine/Common/DerivedDataCache/TestData/0/TestData_128kb.dat" 2187
"C:/Users/luisf/AppData/Local/UnrealEngine/Common/DerivedDataCache/TestData/1/TestData_128kb.dat" 2188
"C:/Users/luisf/AppData/Local/UnrealEngine/Common/DerivedDataCache/TestData/0/TestData_256kb.dat" 2189
"C:/Users/luisf/AppData/Local/UnrealEngine/Common/DerivedDataCache/TestData/1/TestData_256kb.dat" 2190
"C:/Users/luisf/AppData/Roaming/Unreal Engine/UnrealBuildTool/BuildConfiguration.xml" 2191
"../../../../../../Users/luisf/Documents/pos/test/bochanet/BochaNet/Intermediate/ShaderAutogen/PCD3D_SM6/AutogenShaderHeaders.ush" 2192
"../../../Engine/Shaders/Private/HairStrands/HairStrandsVertexFactory.ush" 2193
"../../../Engine/Shaders/Private/VertexFactoryCommon.ush" 2194
"../../../Engine/Shaders/Private/Common.ush" 2195
"../../../Engine/Shaders/Public/Platform.ush" 2196
"../../../Engine/Shaders/Public/FP16Math.ush" 2197
"../../../Engine/Shaders/Public/Platform/D3D/D3DCommon.ush" 2198
"../../../Engine/Shaders/Shared/HLSLReservedSpaces.h" 2199
"../../../Engine/Shaders/Public/BindlessResources.ush" 2200
"../../../Engine/Shaders/Public/Platform/D3D/PlatformBindlessResources.ush" 2201
"../../../Engine/Shaders/Shared/RayTracingBuiltInResources.h" 2202
"../../../Engine/Shaders/Shared/RayTracingDefinitions.h" 2203
"../../../Engine/Shaders/Shared/MaterialCacheDefinitions.h" 2204
"../../../Engine/Shaders/Shared/HLSLTypeAliases.h" 2205
"../../../Engine/Shaders/Public/IndirectVirtualTexture.ush" 2206
"../../../Engine/Shaders/Shared/IndirectVirtualTextureDefinitions.h" 2207
"../../../Engine/Shaders/Public/OverloadMacros.ush" 2208
"../../../Engine/Shaders/Public/ShaderVersion.ush" 2209
"../../../Engine/Shaders/Public/NvidiaExtensionsCommon.ush" 2210
"../../../Engine/Shaders/Shared/ThirdParty/NVIDIA/nvHLSLExtns.h" 2211
"../../../Engine/Shaders/Shared/ThirdParty/NVIDIA/nvHLSLExtnsInternal.h" 2212
"../../../Engine/Shaders/Shared/ThirdParty/NVIDIA/nvShaderExtnEnums.h" 2213
"../../../Engine/Shaders/Private/PackUnpack.ush" 2214
"../../../Engine/Shaders/Private/GeneratedUniformBufferTypes.ush" 2215
"../../../Engine/Shaders/Private/Nanite/NanitePackedNaniteView.ush" 2216
"../../../Engine/Shaders/Private/HairStrands/HairStrandsVisibilityCommonStruct.ush" 2217
"../../../Engine/Shaders/Private/HairStrands/HairStrandsVoxelPageCommonStruct.ush" 2218
"../../../Engine/Shaders/Private/HairStrands/HairStrandsDeepShadowCommonStruct.ush" 2219
"../../../Engine/Shaders/Shared/LightSceneData.h" 2220
"../../../Engine/Shaders/Private/LargeWorldCoordinates.ush" 2221
"../../../Engine/Shaders/Private/DoubleFloat.ush" 2222
"../../../Engine/Shaders/Private/RandomPCG.ush" 2223
"../../../Engine/Shaders/Private/DoubleFloatOperations.ush" 2224
"../../../Engine/Shaders/Private/DoubleFloatVectorDefinition.ush" 2225
"../../../Engine/Shaders/Private/LWCOperations.ush" 2226
"../../../Engine/Shaders/Shared/LightViewData.h" 2227
"../../../Engine/Shaders/Shared/RayTracingTypes.h" 2228
"../../../Engine/Shaders/Shared/HLSLStaticAssert.h" 2229
"../../../Engine/Shaders/Shared/NaniteDefinitions.h" 2230
"../../../Engine/Shaders/Private/CommonViewUniformBuffer.ush" 2231
"../../../Engine/Shaders/Private/InstancedStereo.ush" 2232
"../../../Engine/Shaders/Private/Definitions.usf" 2233
"../../../Engine/Shaders/Private/AssertionMacros.ush" 2234
"../../../Engine/Shaders/Private/FastMath.ush" 2235
"../../../Engine/Shaders/Private/FastMathThirdParty.ush" 2236
"../../../Engine/Shaders/Private/Random.ush" 2237
"../../../Engine/Shaders/Private/RandomInterleavedGradientNoise.ush" 2238
"../../../Engine/Shaders/Private/SceneData.ush" 2239
"../../../Engine/Shaders/Private/OctahedralCommon.ush" 2240
"../../../Engine/Shaders/Private/WaveOpUtil.ush" 2241
"../../../Engine/Shaders/Private/ByteBuffer.ush" 2242
"../../../Engine/Shaders/Shared/SceneDefinitions.h" 2243
"../../../Engine/Shaders/Private/SceneDataMobileLoader.ush" 2244
"../../../Engine/Shaders/Private/LocalVertexFactoryCommon.ush" 2245
"../../../Engine/Shaders/Private/HairStrands/HairStrandsVisibilityCommon.ush" 2246
"../../../Engine/Shaders/Shared/HairStrandsDefinitions.h" 2247
"../../../Engine/Shaders/Private/HairStrands/HairStrandsVertexFactoryCommon.ush" 2248
"../../../Engine/Shaders/Private/HairStrands/HairStrandsPack.ush" 2249
"../../../Engine/Shaders/Private/HairStrands/HairStrandsAttributeCommon.ush" 2250
"../../../Engine/Shaders/Private/HairStrands/HairStrandsAttributeTemplate.ush" 2251
"../../../Engine/Shaders/Private/VertexFactoryDefaultInterface.ush" 2252
"../../../Engine/Shaders/Private/HairStrands/HairCardsVertexFactory.ush" 2253
"../../../Engine/Shaders/Private/HairStrands/HairCardsAttributeCommon.ush" 2254
"../../../Engine/Shaders/Private/RayTracing/RayTracingCommon.ush" 2255
"../../../Engine/Shaders/Private/ShadingCommon.ush" 2256
"../../../Engine/Shaders/Shared/RayTracingPayloadType.h" 2257
"../../../Engine/Shaders/Private/RayTracing/RayTracingRayCone.ush" 2258
"../../../Engine/Shaders/Private/Substrate/Substrate.ush" 2259
"../../../Engine/Shaders/Private/ShadingEnergyConservation.ush" 2260
"../../../Engine/Shaders/Private/ShadingEnergyConservationTemplate.ush" 2261
"../../../Engine/Shaders/Private/BRDF.ush" 2262
"../../../Engine/Shaders/Private/ColorSpace.ush" 2263
"../../../Engine/Shaders/Private/DeferredShadingCommon.ush" 2264
"../../../Engine/Shaders/Private/LightAccumulator.ush" 2265
"../../../Engine/Shaders/Private/SceneTexturesCommon.ush" 2266
"../../../Engine/Shaders/Private/MonteCarlo.ush" 2267
"../../../Engine/Shaders/Private/GBufferHelpers.ush" 2268
"../../../Engine/Shaders/Private/SceneTextureParameters.ush" 2269
"C:/Users/luisf/Documents/pos/test/bochanet/BochaNet/Intermediate/ShaderAutogen/PCD3D_SM6/AutogenShaderHeaders.ush" 2270
"../../../Engine/Shaders/Private/ParticipatingMediaCommon.ush" 2271
"../../../Engine/Shaders/Private/ThinFilmBSDF.ush" 2272
"../../../Engine/Shaders/Private/MortonCode.ush" 2273
"../../../Engine/Shaders/Private/SubsurfaceProfileCommon.ush" 2274
"../../../Engine/Shaders/Private/BurleyNormalizedSSSCommon.ush" 2275
"../../../Engine/Shaders/Private/GammaCorrectionCommon.ush" 2276
"../../../Engine/Shaders/Shared/SubstrateDefinitions.h" 2277
"../../../Engine/Shaders/Private/Substrate/SubstrateStatisticalOperators.ush" 2278
"../../../Engine/Shaders/Private/Substrate/SubstrateSubsurface.ush" 2279
"../../../Engine/Shaders/Private/TransmissionCommon.ush" 2280
"../../../Engine/Shaders/Private/Substrate/SubstrateExportCommon.ush" 2281
"../../../Engine/Shaders/Private/SpecularProfileCommon.ush" 2282
"../../../Engine/Shaders/Private/Substrate/SubstrateToonBSDF.ush" 2283
"../../../Engine/Shaders/Private/AreaLightCommon.ush" 2284
"../../../Engine/Shaders/Private/RectLight.ush" 2285
"../../../Engine/Shaders/Private/CapsuleLight.ush" 2286
"../../../Engine/Shaders/Private/LightData.ush" 2287
"../../../Engine/Shaders/Private/HairShadingCommon.ush" 2288
"../../../Engine/Shaders/Shared/LightDefinitions.h" 2289
"../../../Engine/Shaders/Private/ToonProfileCommon.ush" 2290
"../../../Engine/Shaders/Shared/ToonProfileDefinitions.h" 2291
"../../../Engine/Shaders/Private/RayTracing/RayTracingCommonMetal.ush" 2292
"../../../Engine/Shaders/Private/PositionReconstructionCommon.ush" 2293
"../../../Engine/Shaders/Private/RayTracing/TraceRayInline.ush" 2294
"../../../Engine/Shaders/Private/RayTracing/TraceRayInlineCommon.ush" 2295
"../../../Engine/Shaders/Private/RayTracing/TraceRayInlineVulkan.ush" 2296
"../../../Engine/Shaders/Private/RayTracing/TraceRayInlineMetal.ush" 2297
"../../../Engine/Shaders/Private/RayTracing/RayTracingHitGroupCommon.ush" 2298
"../../../Engine/Shaders/Private/Nanite/NaniteRayTrace.ush" 2299
"../../../Engine/Shaders/Private/Nanite/NaniteDataDecode.ush" 2300
"../../../Engine/Shaders/Private/BitPacking.ush" 2301
"../../../Engine/Shaders/Private/BitStreamReaderImplementation.ush" 2302
"../../../Engine/Shaders/Private/BoneTransform.ush" 2303
"../../../Engine/Shaders/Private/Quaternion.ush" 2304
"../../../Engine/Shaders/Private/Skinning/SkinningSceneDataDecode.ush" 2305
"../../../Engine/Shaders/Private/Skinning/SkinningDataDecode.ush" 2306
"../../../Engine/Shaders/Shared/SkinningDefinitions.h" 2307
"../../../Engine/Shaders/Private/Nanite/NaniteAttributeDecode.ush" 2308
"../../../Engine/Shaders/Private/Barycentrics.ush" 2309
"../../../Engine/Shaders/Private/DualNumber.ush" 2310
"../../../Engine/Shaders/Shared/ThirdParty/RayTriangleIntersection.h" 2311
"../../../Engine/Shaders/Private/Nanite/NaniteVertexFetch.ush" 2312
"../../../Engine/Shaders/Private/ViewData.ush" 2313
"../../../Engine/Shaders/Shared/ViewDefinitions.h" 2314
"../../../Engine/Shaders/Private/Nanite/NaniteSceneCommon.ush" 2315
"../../../Engine/Shaders/Private/RayTracing/TraceRayInlineD3D12.ush" 2316
"../../../Engine/Plugins/Experimental/Water/Shaders/Private/WaterMeshVertexFactory.ush" 2317
"../../../Engine/Plugins/FX/Niagara/Shaders/Private/NiagaraSpriteVertexFactory.ush" 2318
"../../../Engine/Shaders/Private/ParticleVertexFactoryCommon.ush" 2319
"../../../Engine/Plugins/FX/Niagara/Shaders/Private/NiagaraVFCommon.usf" 2320
"../../../Engine/Plugins/FX/Niagara/Shaders/Private/NiagaraVFParticleAccess.usf" 2321
"../../../Engine/Plugins/FX/Niagara/Shaders/Private/NiagaraParticleAccess.ush" 2322
"../../../Engine/Plugins/FX/Niagara/Shaders/Private/NiagaraRibbonVertexFactory.ush" 2323
"../../../Engine/Plugins/FX/Niagara/Shaders/Private/NiagaraMeshVertexFactory.ush" 2324
"../../../Engine/Plugins/FX/Niagara/Shaders/Private/NiagaraCommon.ush" 2325
"../../../Engine/Plugins/FX/Niagara/Shaders/Private/NiagaraMeshParticleUtils.ush" 2326
"../../../Engine/Shaders/Private/VectorFieldVisualizationVertexFactory.ush" 2327
"../../../Engine/Shaders/Private/Nanite/NaniteVertexFactory.ush" 2328
"../../../Engine/Shaders/Private/LightmapData.ush" 2329
"../../../Engine/Shaders/Private/SplineMeshCommon.ush" 2330
"../../../Engine/Shaders/Shared/SplineMeshShaderParams.h" 2331
"../../../Engine/Shaders/Private/ShaderPrint.ush" 2332
"../../../Engine/Shaders/Private/ShaderPrintCommon.ush" 2333
"../../../Engine/Shaders/Private/MiniFontCommon.ush" 2334
"../../../Engine/Shaders/Private/SGGX.ush" 2335
"../../../Engine/Shaders/Private/MaterialCache/MaterialCacheCommon.ush" 2336
"../../../Engine/Shaders/Private/Nanite/NaniteVertexDeformation.ush" 2337
"../../../Engine/Shaders/Private/Matrices.ush" 2338
"../../../Engine/Shaders/Private/ParticleSpriteVertexFactory.ush" 2339
"../../../Engine/Shaders/Private/ParticleGPUSpriteVertexFactory.ush" 2340
"../../../Engine/Shaders/Private/ParticleSimulationCommon.ush" 2341
"../../../Engine/Shaders/Private/ParticleBeamTrailVertexFactory.ush" 2342
"../../../Engine/Shaders/Private/MeshParticleVertexFactory.ush" 2343
"../../../Engine/Shaders/Private/LocalVertexFactory.ush" 2344
"../../../Engine/Shaders/Private/GpuSkinCommon.ush" 2345
"../../../Engine/Shaders/Private/GpuSkinVertexFactory.ush" 2346
"../../../Engine/Shaders/Private/GeometryCollectionVertexFactory.ush" 2347
"../../../Engine/Shaders/Private/GeometryCacheVertexFactory.ush" 2348
"../../../Engine/Shaders/Private/LandscapeVertexFactory.ush" 2349
"../../../Engine/Shaders/Private/Nanite/NaniteTranslucencyFactory.ush" 2350
"../../../Engine/Shaders/Private/ComputeShaderUtils.ush" 2351
"../../../Engine/Shaders/Private/Nanite/NaniteRasterizationCommon.ush" 2352
"../../../Engine/Shaders/Private/Nanite/NaniteRasterizer.ush" 2353
"../../../Engine/Shaders/Private/VirtualShadowMaps/VirtualShadowMapPageAccessCommon.ush" 2354
"../../../Engine/Shaders/Shared/VirtualShadowMapDefinitions.h" 2355
"../../../Engine/Shaders/Shared/HLSLMathAliases.h" 2356
"../../../Engine/Shaders/Private/VirtualShadowMaps/VirtualShadowMapHandle.ush" 2357
"../../../Engine/Shaders/Private/VirtualShadowMaps/VirtualShadowMapPageOverlap.ush" 2358
"../../../Engine/Shaders/Private/Nanite/NaniteHZBCull.ush" 2359
"../../../Engine/Shaders/Private/HZB.ush" 2360
"../../../Engine/Shaders/Private/VirtualShadowMaps/VirtualShadowMapPageCacheCommon.ush" 2361
"../../../Engine/Shaders/Private/VirtualShadowMaps/VirtualShadowMapProjectionStructs.ush" 2362
"../../../Engine/Shaders/Private/Nanite/NaniteWritePixel.ush" 2363
"../../../Engine/Shaders/Private/Nanite/NaniteCullingCommon.ush" 2364
"../../../Engine/Shaders/Private/Nanite/NaniteCulling.ush" 2365
"../../../Engine/Shaders/Private/Nanite/NaniteHierarchyTraversalCommon.ush" 2366
"../../../Engine/Shaders/Private/MaterialTemplate.ush" 2367
"../../../Engine/Shaders/Private/WorldSpaceMath.ush" 2368
"../../../Engine/Shaders/Private/EyeAdaptationCommon.ush" 2369
"../../../Engine/Shaders/Private/SobolRandom.ush" 2370
"../../../Engine/Shaders/Private/DepthOfFieldCommon.ush" 2371
"../../../Engine/Shaders/Private/CircleDOFCommon.ush" 2372
"../../../Engine/Shaders/Private/DistanceField/GlobalDistanceFieldShared.ush" 2373
"../../../Engine/Shaders/Private/PhysicsFieldSampler.ush" 2374
"../../../Engine/Shaders/Private/PhysicsFieldShared.ush" 2375
"../../../Engine/Shaders/Private/PhysicsFieldEval.ush" 2376
"../../../Engine/Shaders/Private/SparseVolumeTexture/SparseVolumeTextureCommon.ush" 2377
"../../../Engine/Shaders/Shared/EnvironmentComponentsFlags.h" 2378
"../../../Engine/Shaders/Private/MeshPaintTextureCommon.ush" 2379
"../../../Engine/Shaders/Private/VirtualTextureMaterial.ush" 2380
"../../../Engine/Shaders/Private/MaterialCache/MaterialCacheMaterialCommon.ush" 2381
"../../../Engine/Shaders/Private/VirtualTextureCommon.ush" 2382
"../../../Engine/Shaders/Shared/VirtualTextureDefinitions.h" 2383
"../../../Engine/Shaders/Private/BlueNoiseCommon.ush" 2384
"../../../Engine/Shaders/Private/Quantization.ush" 2385
"../../../Engine/Shaders/Private/SpeedTreeCommon.ush" 2386
"../../../Engine/Shaders/Public/IndirectVirtualTextureCommon.ush" 2387
"../../../Engine/Shaders/Private/MaterialTexture.ush" 2388
"../../../Engine/Shaders/Private/MinMaterialTexCoords.ush" 2389
"../../../Engine/Shaders/Private/SkyAtmosphereCommon.ush" 2390
"../../../Engine/Shaders/Private/SingleLayerWaterCommon.ush" 2391
"../../../Engine/Shaders/Private/TextureSampling.ush" 2392
"../../../Engine/Shaders/Private/PaniniProjection.ush" 2393
"../../../Engine/Shaders/Private/DBufferNormalReprojection.ush" 2394
"../../../Engine/Shaders/Public/SubstratePublic.ush" 2395
"../../../Engine/Shaders/Private/Substrate/SubstrateRead.ush" 2396
"../../../Engine/Shaders/Private/Substrate/SubstrateTree.ush" 2397
"../../../Engine/Shaders/Private/Substrate/SubstrateEvaluation.ush" 2398
"../../../Engine/Shaders/Private/Substrate/Glint/GlintThirdParty.ush" 2399
"../../../Engine/Shaders/Private/BlueNoise.ush" 2400
"../../../Engine/Shaders/Private/SHCommon.ush" 2401
"../../../Engine/Shaders/Private/ShadingModels.ush" 2402
"../../../Engine/Shaders/Private/HairBsdf.ush" 2403
"../../../Engine/Shaders/Private/PathTracing/Utilities/PathTracingRandomSequence.ush" 2404
"../../../Engine/Shaders/Private/MobileGGX.ush" 2405
"../../../Engine/Shaders/Private/ShadingModelsSampling.ush" 2406
"../../../Engine/Shaders/Private/HairStrands/HairBsdfSample.ush" 2407
"../../../Engine/Shaders/Private/HairStrands/HairStrandsCommon.ush" 2408
"../../../Engine/Shaders/Private/HairStrands/HairStrandsDeepTransmittanceCommon.ush" 2409
"../../../Engine/Shaders/Private/HairStrands/HairStrandsDeepTransmittanceDualScattering.ush" 2410
"../../../Engine/Shaders/Private/HairStrands/HairStrandsEnvironmentLightingCommon.ush" 2411
"../../../Engine/Shaders/Private/Substrate/SubstrateLegacyConversion.ush" 2412
"../../../Engine/Shaders/Private/DBufferDecalShared.ush" 2413
"../../../Engine/Shaders/Private/Nanite/NaniteTessellation.ush" 2414
"../../../Engine/Shaders/Private/WorkDistribution.ush" 2415
"../../../Engine/Shaders/Public/RootConstants.ush" 2416
"../../../Engine/Shaders/Public/Platform/D3D/D3DRootConstants.ush" 2417
"../../../Engine/Plugins/Enterprise/GLTFExporter/Shaders/Private/SimpleTexture2DPS.usf" 2418
"../../../Engine/Shaders/Private/SimpleElementNormalMapPixelShader.usf" 2419
"../../../Engine/Plugins/Compositing/CompositeCore/Shaders/Private/CompositeCoreMerge.usf" 2420
"../../../Engine/Shaders/Private/ScreenPass.ush" 2421
"../../../Engine/Shaders/Private/LensDistortion.ush" 2422
"../../../Engine/Plugins/Compositing/CompositeCore/Shaders/Private/CompositeCoreBlending.ush" 2423
"../../../Engine/Plugins/Compositing/CompositeCore/Shaders/Private/CompositeCoreDisplayTransform.usf" 2424
"../../../Engine/Plugins/Compositing/CompositeCore/Shaders/Private/CompositeCoreDilate.usf" 2425
"../../../Engine/Plugins/NNE/NNEDenoiser/Shaders/NNEDenoiserShadersTransferFunctionOidn.usf" 2426
"../../../Engine/Plugins/NNE/NNEDenoiser/Shaders/NNEDenoiserShadersMappedCopy.usf" 2427
"../../../Engine/Plugins/NNE/NNEDenoiser/Shaders/NNEDenoiserShadersDefaultIOProcess.usf" 2428
"../../../Engine/Plugins/NNE/NNEDenoiser/Shaders/NNEDenoiserShadersAutoExposureReduceFinal.usf" 2429
"../../../Engine/Plugins/NNE/NNEDenoiser/Shaders/NNEDenoiserShadersAutoExposureReduce.usf" 2430
"../../../Engine/Plugins/NNE/NNEDenoiser/Shaders/NNEDenoiserShadersAutoExposureDownsample.usf" 2431
"../../../Engine/Plugins/Media/TmvMedia/Shaders/Private/TmvTextureYuvConverter.usf" 2432
"../../../Engine/Plugins/Media/TmvMedia/Shaders/Private/TmvColorProcessing.ush" 2433
"../../../Engine/Plugins/Media/TmvMedia/Shaders/Private/TmvTextureBufferSwizzler.usf" 2434
"../../../Engine/Plugins/Media/TmvMedia/Shaders/Private/TmvStructuredBufferSwizzler.usf" 2435
"../../../Engine/Plugins/Media/WmfMedia/Shaders/Private/MediaHardwareVideoDecoding.usf" 2436
"../../../Engine/Shaders/Private/ColorUtils.ush" 2437
"../../../Engine/Plugins/Media/ImgMedia/Shaders/Private/ExrSwizzler.usf" 2438
"../../../Engine/Plugins/Experimental/NFORDenoise/Shaders/NFORDenoise.usf" 2439
"../../../Engine/Plugins/Experimental/NFORDenoise/Shaders/NFORRegressionCommon.ush" 2440
"../../../Engine/Plugins/Experimental/NFORDenoise/Shaders/NFORRegression.ush" 2441
"../../../Engine/Plugins/Runtime/HairStrands/Shaders/Private/NiagaraCopyVelocityGrid.usf" 2442
"../../../Engine/Plugins/Runtime/HairStrands/Shaders/Private/NiagaraClearVelocityGrid.usf" 2443
"../../../Engine/Plugins/Runtime/HairStrands/Shaders/Private/NiagaraClearPressureGrid.usf" 2444
"../../../Engine/Plugins/Runtime/HairStrands/Shaders/Private/NiagaraInterpolateGroomGuides.usf" 2445
"../../../Engine/Plugins/Runtime/HairStrands/Shaders/Private/NiagaraGroomInterpolationUtils.ush" 2446
"../../../Engine/Plugins/FX/Niagara/Shaders/Private/NiagaraQuaternionUtils.ush" 2447
"../../../Engine/Shaders/Private/HairStrands/HairStrandsMesh.usf" 2448
"../../../Engine/Shaders/Private/HairStrands/HairStrandsBindingCommon.ush" 2449
"../../../Engine/Shaders/Private/HairStrands/HairStrandsFollicleMask.usf" 2450
"../../../Engine/Shaders/Private/HairStrands/HairStrandsSkinUpdate.usf" 2451
"../../../Engine/Shaders/Private/HairStrands/HairStrandsClusterCulling.usf" 2452
"../../../Engine/Shaders/Private/ColorMap.ush" 2453
"../../../Engine/Shaders/Private/HairStrands/HairStrandsAABBCommon.ush" 2454
"../../../Engine/Shaders/Private/HairStrands/HairStrandsClusterCommon.ush" 2455
"../../../Engine/Shaders/Private/ThreadGroupPrefixSum.ush" 2456
"../../../Engine/Shaders/Private/HairStrands/HairStrandsRaytracingGeometry.usf" 2457
"../../../Engine/Shaders/Private/HairStrands/HairStrandsTangent.usf" 2458
"../../../Engine/Shaders/Private/HairStrands/HairCardsDeformation.usf" 2459
"../../../Engine/Shaders/Private/HairStrands/HairStrandsInterpolation.usf" 2460
"../../../Engine/Shaders/Private/HairStrands/HairStrandsGuideDeform.usf" 2461
"../../../Engine/Shaders/Private/HairStrands/HairStrandsTexturesGeneration.usf" 2462
"../../../Engine/Shaders/Private/HairStrands/HairCardsTextureCommon.ush" 2463
"../../../Engine/Shaders/Private/HairStrands/HairStrandsTranscode.usf" 2464
"../../../Engine/Shaders/Private/HairStrands/HairStrandsDebug.usf" 2465
"../../../Engine/Shaders/Private/PostProcessCommon.ush" 2466
"../../../Engine/Plugins/Runtime/ComputeFramework/Shaders/Private/ComputeKernel.usf" 2467
"../../../Engine/Plugins/Runtime/ComputeFramework/Shaders/Private/ComputeKernelCommon.ush" 2468
"../../../Engine/Plugins/PCG/Shaders/Private/PCGUnwrapMesh.usf" 2469
"../../../Engine/Plugins/PCG/Shaders/Private/PCGTextureReadback.usf" 2470
"../../../Engine/Plugins/PCG/Shaders/Private/PCGTexureDownsample.usf" 2471
"../../../Engine/Plugins/PCG/Shaders/Private/PCGSceneWriter.usf" 2472
"../../../Engine/Shaders/Private/GPUScene/GPUSceneWriter.ush" 2473
"../../../Engine/Plugins/PCG/Shaders/Private/PCGRayTrace.usf" 2474
"../../../Engine/Shaders/Private/Visualization.ush" 2475
"../../../Engine/Shaders/Private/Hash.ush" 2476
"../../../Engine/Plugins/PCG/Shaders/Private/PCGGrassMapUnpackerCS.usf" 2477
"../../../Engine/Shaders/Private/Landscape/LandscapeCommon.ush" 2478
"../../../Engine/Plugins/PCG/Shaders/Private/PCGDilate.usf" 2479
"../../../Engine/Plugins/Experimental/Water/Shaders/Private/WaterQuadTreeDraws.usf" 2480
"../../../Engine/Plugins/Experimental/Water/Shaders/Private/WaterQuadTreeCommon.ush" 2481
"../../../Engine/Plugins/Experimental/Water/Shaders/Private/WaterQuadTreeBuild.usf" 2482
"../../../Engine/Plugins/Experimental/Water/Shaders/Private/WaterQuadTreeMerge.usf" 2483
"../../../Engine/Plugins/Experimental/Water/Shaders/Private/WaterQuadTreePixelShader.usf" 2484
"../../../Engine/Plugins/Experimental/Water/Shaders/Private/WaterQuadTreeVertexShader.usf" 2485
"../../../Engine/Plugins/Experimental/Water/Shaders/Private/WaterInfoFinalize.usf" 2486
"../../../Engine/Plugins/Experimental/Water/Shaders/Private/WaterInfoMerge.usf" 2487
"../../../Engine/Plugins/FX/Niagara/Shaders/Private/NiagaraVertexFactoryExport.usf" 2488
"../../../Engine/Plugins/FX/Niagara/Shaders/Private/NiagaraSortKeyGen.usf" 2489
"../../../Engine/Plugins/FX/Niagara/Shaders/Private/NiagaraGPURayTracingTransforms.usf" 2490
"../../../Engine/Plugins/FX/Niagara/Shaders/Private/NiagaraDrawIndirectArgsGen.usf" 2491
"../../../Engine/Plugins/FX/Niagara/Shaders/Private/NiagaraDispatchIndirectArgsGen.usf" 2492
"../../../Engine/Plugins/FX/Niagara/Shaders/Private/Stateless/NiagaraStatelessSimulationDefault.usf" 2493
"../../../Engine/Plugins/FX/Niagara/Shaders/Private/Stateless/NiagaraStatelessCommon.ush" 2494
"../../../Engine/Plugins/FX/Niagara/Shaders/Shared/NiagaraStatelessDefinitions.h" 2495
"../../../Engine/Plugins/FX/Niagara/Shaders/Shared/NiagaraStatelessBuiltDistribution.h" 2496
"../../../Engine/Plugins/FX/Niagara/Shaders/Private/Stateless/NiagaraStatelessDistribution.ush" 2497
"../../../Engine/Plugins/FX/Niagara/Shaders/Private/Stateless/Template/GenerateCS_PreModules.ush" 2498
"../../../Engine/Plugins/FX/Niagara/Shaders/Private/Stateless/Modules/NiagaraStatelessModule_CalculateAccurateVelocity.ush" 2499
"../../../Engine/Plugins/FX/Niagara/Shaders/Private/Stateless/Modules/NiagaraStatelessModule_CameraOffset.ush" 2500
"../../../Engine/Plugins/FX/Niagara/Shaders/Private/Stateless/Modules/NiagaraStatelessModule_DynamicMaterialParameters.ush" 2501
"../../../Engine/Plugins/FX/Niagara/Shaders/Private/Stateless/Modules/NiagaraStatelessModule_InitializeParticle.ush" 2502
"../../../Engine/Plugins/FX/Niagara/Shaders/Private/Stateless/Modules/NiagaraStatelessModule_InitialMeshOrientation.ush" 2503
"../../../Engine/Plugins/FX/Niagara/Shaders/Private/Stateless/Modules/NiagaraStatelessModule_MeshIndex.ush" 2504
"../../../Engine/Plugins/FX/Niagara/Shaders/Private/Stateless/Modules/NiagaraStatelessModule_MeshRotationRate.ush" 2505
"../../../Engine/Plugins/FX/Niagara/Shaders/Private/Stateless/Modules/NiagaraStatelessModule_RotateAroundPoint.ush" 2506
"../../../Engine/Plugins/FX/Niagara/Shaders/Private/Stateless/Modules/NiagaraStatelessModule_ShapeLocation.ush" 2507
"../../../Engine/Plugins/FX/Niagara/Shaders/Private/Stateless/Modules/NiagaraStatelessModule_ScaleColor.ush" 2508
"../../../Engine/Plugins/FX/Niagara/Shaders/Private/Stateless/Modules/NiagaraStatelessModule_ScaleRibbonWidth.ush" 2509
"../../../Engine/Plugins/FX/Niagara/Shaders/Private/Stateless/Modules/NiagaraStatelessModule_ScaleSpriteSize.ush" 2510
"../../../Engine/Plugins/FX/Niagara/Shaders/Private/Stateless/Modules/NiagaraStatelessModule_ScaleSpriteSizeBySpeed.ush" 2511
"../../../Engine/Plugins/FX/Niagara/Shaders/Private/Stateless/Modules/NiagaraStatelessModule_ScaleMeshSize.ush" 2512
"../../../Engine/Plugins/FX/Niagara/Shaders/Private/Stateless/Modules/NiagaraStatelessModule_ScaleMeshSizeBySpeed.ush" 2513
"../../../Engine/Plugins/FX/Niagara/Shaders/Private/Stateless/Modules/NiagaraStatelessModule_SolveVelocitiesAndForces.ush" 2514
"../../../Engine/Plugins/FX/Niagara/Shaders/Private/Stateless/Modules/NiagaraStatelessModule_SpriteFacingAndAlignment.ush" 2515
"../../../Engine/Plugins/FX/Niagara/Shaders/Private/Stateless/Modules/NiagaraStatelessModule_SpriteRotationRate.ush" 2516
"../../../Engine/Plugins/FX/Niagara/Shaders/Private/Stateless/Modules/NiagaraStatelessModule_SubUVAnimation.ush" 2517
"../../../Engine/Plugins/FX/Niagara/Shaders/Private/Stateless/Template/GenerateCS_PostModules.ush" 2518
"../../../Engine/Plugins/FX/Niagara/Shaders/Private/NiagaraBlendSVTsToDenseBuffer.usf" 2519
"../../../Engine/Plugins/FX/Niagara/Shaders/Private/NiagaraSVTToDenseBuffer.usf" 2520
"../../../Engine/Plugins/FX/Niagara/Shaders/Private/NiagaraFillIntBuffer.usf" 2521
"../../../Engine/Plugins/FX/Niagara/Shaders/Private/NiagaraComputeFreeIDs.usf" 2522
"../../../Engine/Plugins/FX/Niagara/Shaders/Private/NiagaraInitFreeIDBuffer.usf" 2523
"../../../Engine/Plugins/FX/Niagara/Shaders/Private/NiagaraEmitterInstanceShader.usf" 2524
"../../../Engine/Plugins/FX/Niagara/Shaders/Private/NiagaraShaderVersion.ush" 2525
"../../../Engine/Plugins/FX/Niagara/Shaders/Private/NiagaraPhysicsCommon.ush" 2526
"../../../Engine/Plugins/FX/Niagara/Shaders/Private/Ribbons/NiagaraRibbonAggregationApply.usf" 2527
"../../../Engine/Plugins/FX/Niagara/Shaders/Private/Ribbons/NiagaraRibbonCommon.ush" 2528
"../../../Engine/Plugins/FX/Niagara/Shaders/Shared/NiagaraRibbonShared.h" 2529
"../../../Engine/Plugins/FX/Niagara/Shaders/Private/Ribbons/NiagaraRibbonAggregationStep.usf" 2530
"../../../Engine/Plugins/FX/Niagara/Shaders/Private/Ribbons/NiagaraRibbonGenerateIndices.usf" 2531
"../../../Engine/Plugins/FX/Niagara/Shaders/Private/Ribbons/NiagaraRibbonInitializeIndices.usf" 2532
"../../../Engine/Plugins/FX/Niagara/Shaders/Private/Ribbons/NiagaraRibbonRibbonUVParamCalculation.usf" 2533
"../../../Engine/Plugins/FX/Niagara/Shaders/Private/Ribbons/NiagaraRibbonVertexReductionFinalization.usf" 2534
"../../../Engine/Plugins/FX/Niagara/Shaders/Private/Ribbons/NiagaraRibbonVertexReductionInitialization.usf" 2535
"../../../Engine/Plugins/FX/Niagara/Shaders/Private/Ribbons/NiagaraRibbonSortParticles.usf" 2536
"../../../Engine/Plugins/FX/Niagara/Shaders/Private/NiagaraNeighborQuerySort.usf" 2537
"../../../Engine/Plugins/FX/Niagara/Shaders/Private/NiagaraLWCHelper.usf" 2538
"../../../Engine/Plugins/FX/Niagara/Shaders/Private/NiagaraUpdateMeshGPUSceneInstances.usf" 2539
"../../../Engine/Plugins/FX/Niagara/Shaders/Private/NiagaraGenerateMips.usf" 2540
"../../../Engine/Plugins/FX/Niagara/Shaders/Private/NiagaraDebugDraw.usf" 2541
"../../../Engine/Plugins/FX/Niagara/Shaders/Private/NiagaraDebugDraw.ush" 2542
"../../../Engine/Plugins/FX/Niagara/Shaders/Private/NiagaraVisualizeTexture.usf" 2543
"../../../Engine/Plugins/FX/Niagara/Shaders/Private/NiagaraClearCounts.usf" 2544
"../../../Engine/Plugins/FX/Niagara/Shaders/Private/NiagaraBatchedElements.usf" 2545
"../../../Engine/Plugins/FX/Niagara/Shaders/Private/NiagaraRayTracingShaders.usf" 2546
"../../../Engine/Plugins/FX/Niagara/Shaders/Private/NiagaraAsyncGpuTraceCommon.ush" 2547
"../../../Engine/Shaders/Private/HashTable.ush" 2548
"../../../Engine/Shaders/Private/RayTracing/VFXTraceRay.ush" 2549
"../../../Engine/Plugins/FX/Niagara/Shaders/Private/NiagaraRayMarchingShaders.usf" 2550
"../../../Engine/Plugins/FX/Niagara/Shaders/Private/NiagaraRayTraceCollisionGroupShaders.usf" 2551
"../../../Engine/Plugins/FX/Niagara/Shaders/Private/NiagaraAsyncGpuTraceUtils.usf" 2552
"../../../Engine/Shaders/Private/VirtualTextureAdapter.usf" 2553
"../../../Engine/Shaders/Private/BlockCompressionCommon.ush" 2554
"../../../Engine/Shaders/Private/BCCompressionCommon.ush" 2555
"../../../Engine/Shaders/Private/TranslucentLightingShaders.usf" 2556
"../../../Engine/Shaders/Private/TranslucencyVolumeInjectionCommon.ush" 2557
"../../../Engine/Shaders/Private/CubemapCommon.ush" 2558
"../../../Engine/Shaders/Private/VectorFieldCompositeShaders.usf" 2559
"../../../Engine/Shaders/Private/UpdateTextureShaders.usf" 2560
"../../../Engine/Shaders/Private/StereoLayerShader.usf" 2561
"../../../Engine/Shaders/Private/SparseVolumeTexture/UpdateSparseVolumeTexture.usf" 2562
"../../../Engine/Shaders/Private/MorphTargets.usf" 2563
"../../../Engine/Shaders/Private/SimpleElementColorChannelMaskPixelShader.usf" 2564
"../../../Engine/Shaders/Private/SimpleElementHitProxyPixelShader.usf" 2565
"../../../Engine/Shaders/Private/SimpleElementPixelShader.usf" 2566
"../../../Engine/Shaders/Private/IESLightProfilesCommon.ush" 2567
"../../../Engine/Shaders/Private/SimpleElementVertexShader.usf" 2568
"../../../Engine/Shaders/Private/ScreenPixelShaderOES.usf" 2569
"../../../Engine/Shaders/Private/ScreenVertexShader.usf" 2570
"../../../Engine/Shaders/Private/ScreenPixelShader.usf" 2571
"../../../Engine/Shaders/Private/ToonProfile.usf" 2572
"../../../Engine/Shaders/Private/SSProfilePreIntegratedMobile.usf" 2573
"../../../Engine/Shaders/Private/SpecularProfile.usf" 2574
"../../../Engine/Shaders/Private/Nanite/NaniteStreaming.usf" 2575
"../../../Engine/Shaders/Private/Nanite/NaniteStreaming.ush" 2576
"../../../Engine/Shaders/Private/VolumetricLightmapStreaming.usf" 2577
"../../../Engine/Shaders/Private/PhysicsFieldReset.usf" 2578
"../../../Engine/Shaders/Private/PhysicsFieldBuilder.usf" 2579
"../../../Engine/Shaders/Private/ParticleSortKeyGen.usf" 2580
"../../../Engine/Shaders/Private/ParticleBoundsShader.usf" 2581
"../../../Engine/Shaders/Private/ParticleSimVisualizeShader.usf" 2582
"../../../Engine/Shaders/Private/ParticleInjectionShader.usf" 2583
"../../../Engine/Shaders/Private/ParticleSimulationShader.usf" 2584
"../../../Engine/Shaders/Private/ParticleCurveInjectionShader.usf" 2585
"../../../Engine/Shaders/Private/Nanite/NaniteTranscode.usf" 2586
"../../../Engine/Shaders/Private/Nanite/NaniteScatterUpdates.usf" 2587
"../../../Engine/Shaders/Private/CopyUIntBuffer.usf" 2588
"../../../Engine/Shaders/Private/RadixSortShaders.usf" 2589
"../../../Engine/Shaders/Private/RecomputeTangentsPerVertexPass.usf" 2590
"../../../Engine/Shaders/Private/RecomputeTangentsCommon.ush" 2591
"../../../Engine/Shaders/Private/RecomputeTangentsPerTrianglePass.usf" 2592
"../../../Engine/Shaders/Private/DynamicMeshBounds.usf" 2593
"../../../Engine/Shaders/Private/GpuSkinCacheComputeShader.usf" 2594
"../../../Engine/Shaders/Private/DynamicMeshBounds.ush" 2595
"../../../Engine/Shaders/Private/BitonicSort.usf" 2596
"../../../Engine/Shaders/Public/WaveBroadcastIntrinsics.ush" 2597
"../../../Engine/Shaders/Private/HeightFieldAtlasManagement.usf" 2598
"../../../Engine/Shaders/Private/Landscape/LandscapeEditLayersUtils.usf" 2599
"../../../Engine/Shaders/Private/Landscape/LandscapeEditLayersWeightmaps.usf" 2600
"../../../Engine/Shaders/Private/Landscape/LandscapeEditLayersHeightmaps.usf" 2601
"../../../Engine/Shaders/Private/LandscapeLayersPS.usf" 2602
"../../../Engine/Shaders/Private/LandscapePhysicalMaterial.usf" 2603
"../../../Engine/Shaders/Private/LandscapeGrassWeight.usf" 2604
"../../../Engine/Shaders/Private/Landscape/LandscapeCulling.usf" 2605
"../../../Engine/Shaders/Private/Landscape/LandscapeMergeTexturesPS.usf" 2606
"../../../Engine/Shaders/Private/WideCustomResolveShaders.usf" 2607
"../../../Engine/Shaders/Private/WideCustomResolve_Wide.ush" 2608
"../../../Engine/Shaders/Private/WideCustomResolve_Wider.ush" 2609
"../../../Engine/Shaders/Private/WideCustomResolve_Widest.ush" 2610
"../../../Engine/Shaders/Private/WaterInfoTextureBlur.usf" 2611
"../../../Engine/Shaders/Private/WaterInfoTextureMerge.usf" 2612
"../../../Engine/Shaders/Private/PageTableUpdate.usf" 2613
"../../../Engine/Shaders/Private/VirtualTextureCompress.usf" 2614
"../../../Engine/Shaders/Private/ASTCCompressionCommon.ush" 2615
"../../../Engine/Shaders/Private/IntegerSequenceEncoding.ush" 2616
"../../../Engine/Shaders/Private/ETCCompressionCommon.ush" 2617
"../../../Engine/Shaders/Private/VirtualTextureMaterial.usf" 2618
"../../../Engine/Shaders/Private/PixelShaderOutputCommon.ush" 2619
"../../../Engine/Shaders/Private/ShaderOutputCommon.ush" 2620
"../../../Engine/Shaders/Private/VolumetricRenderTarget.usf" 2621
"../../../Engine/Shaders/Private/HeightFogCommon.ush" 2622
"../../../Engine/Shaders/Private/ReflectionEnvironmentShared.ush" 2623
"../../../Engine/Shaders/Private/LocalFogVolumes/LocalFogVolumeCommon.ush" 2624
"../../../Engine/Shaders/Private/VolumetricFogVoxelization.usf" 2625
"../../../Engine/Shaders/Private/VolumetricCloudMaterialPixelCommon.ush" 2626
"../../../Engine/Shaders/Private/VolumetricFogLightFunction.usf" 2627
"../../../Engine/Shaders/Private/LightFunctionCommon.ush" 2628
"../../../Engine/Shaders/Private/VolumetricFog.usf" 2629
"../../../Engine/Shaders/Private/DeferredLightingCommon.ush" 2630
"../../../Engine/Shaders/Private/DynamicLightingCommon.ush" 2631
"../../../Engine/Shaders/Private/CapsuleLightIntegrate.ush" 2632
"../../../Engine/Shaders/Private/CapsuleLightSampling.ush" 2633
"../../../Engine/Shaders/Private/RectLightIntegrate.ush" 2634
"../../../Engine/Shaders/Private/ScreenSpaceShadowRayCast.ush" 2635
"../../../Engine/Shaders/Private/LightFunctionAtlas/LightFunctionAtlasCommon.usf" 2636
"../../../Engine/Shaders/Private/LightGridCommon.ush" 2637
"../../../Engine/Shaders/Private/DistanceFieldAOShared.ush" 2638
"../../../Engine/Shaders/Private/IntersectionUtils.ush" 2639
"../../../Engine/Shaders/Private/VolumeLightingCommon.ush" 2640
"../../../Engine/Shaders/Private/ShadowProjectionCommon.ush" 2641
"../../../Engine/Shaders/Private/ShadowFilteringCommon.ush" 2642
"../../../Engine/Shaders/Private/PixelQuadMessagePassing.ush" 2643
"../../../Engine/Shaders/Private/VolumeLightingCommonSampling.ush" 2644
"../../../Engine/Shaders/Private/VolumetricLightmapShared.ush" 2645
"../../../Engine/Shaders/Private/ForwardShadowingCommon.ush" 2646
"../../../Engine/Shaders/Private/LightDataUniforms.ush" 2647
"../../../Engine/Shaders/Private/Lumen/LumenTranslucencyVolumeShared.ush" 2648
"../../../Engine/Shaders/Private/Lumen/LumenRadianceCacheInterpolation.ush" 2649
"../../../Engine/Shaders/Private/VirtualShadowMaps/VirtualShadowMapProjectionCommon.ush" 2650
"../../../Engine/Shaders/Private/DiaphragmDOF/DOFCommon.ush" 2651
"../../../Engine/Shaders/Private/VolumetricCloudCommon.ush" 2652
"../../../Engine/Shaders/Private/VolumetricCloud.usf" 2653
"../../../Engine/Shaders/Private/VisualizeVolumetricLightmap.usf" 2654
"../../../Engine/Shaders/Private/Tools/VisualizeLightShape.usf" 2655
"../../../Engine/Shaders/Private/VirtualShadowMaps/VirtualShadowMapProjectionComposite.usf" 2656
"../../../Engine/Shaders/Private/LightShaderParameters.ush" 2657
"../../../Engine/Shaders/Private/VirtualShadowMaps/VirtualShadowMapMaskBitsCommon.ush" 2658
"../../../Engine/Shaders/Private/VirtualShadowMaps/VirtualShadowMapLightGrid.ush" 2659
"../../../Engine/Shaders/Private/VirtualShadowMaps/VirtualShadowMapProjection.usf" 2660
"../../../Engine/Shaders/Private/VirtualShadowMaps/VirtualShadowMapProjectionFilter.ush" 2661
"../../../Engine/Shaders/Private/VirtualShadowMaps/VirtualShadowMapProjectionDirectional.ush" 2662
"../../../Engine/Shaders/Private/VirtualShadowMaps/VirtualShadowMapSMRTCommon.ush" 2663
"../../../Engine/Shaders/Private/VirtualShadowMaps/VirtualShadowMapSMRTTemplate.ush" 2664
"../../../Engine/Shaders/Private/VirtualShadowMaps/VirtualShadowMapProjectionSpot.ush" 2665
"../../../Engine/Shaders/Private/VirtualShadowMaps/VirtualShadowMapTransmissionCommon.ush" 2666
"../../../Engine/Shaders/Private/VirtualShadowMaps/VirtualShadowMapScreenRayTrace.ush" 2667
"../../../Engine/Shaders/Private/VirtualShadowMaps/VirtualShadowMapStats.ush" 2668
"../../../Engine/Shaders/Private/HairStrands/HairStrandsVoxelPageCommon.ush" 2669
"../../../Engine/Shaders/Private/HairStrands/HairStrandsVoxelPageTraversal.ush" 2670
"../../../Engine/Shaders/Private/VirtualShadowMaps/VirtualShadowMapCacheGPUInvalidation.usf" 2671
"../../../Engine/Shaders/Private/VirtualShadowMaps/VirtualShadowMapCacheInvalidation.ush" 2672
"../../../Engine/Shaders/Private/ScreenSpaceDenoise/SSDDefinitions.ush" 2673
"../../../Engine/Shaders/Private/InstanceCulling/InstanceCullingLoadBalancer.ush" 2674
"../../../Engine/Shaders/Private/VirtualShadowMaps/VirtualShadowMapCacheLoadBalancer.usf" 2675
"../../../Engine/Shaders/Private/VirtualShadowMaps/VirtualShadowMapCopyStats.usf" 2676
"../../../Engine/Shaders/Private/VirtualShadowMaps/VirtualShadowMapShadowCasterBounds.usf" 2677
"../../../Engine/Shaders/Private/VirtualShadowMaps/VirtualShadowMapVisualize.ush" 2678
"../../../Engine/Shaders/Private/VirtualShadowMaps/VirtualShadowMapShadowCasterColor.usf" 2679
"../../../Engine/Shaders/Private/VirtualShadowMaps/VirtualShadowMapDebug.usf" 2680
"../../../Engine/Shaders/Private/VirtualShadowMaps/Desaturate.usf" 2681
"../../../Engine/Shaders/Private/VirtualShadowMaps/VirtualShadowMapPhysicalPageManagement.usf" 2682
"../../../Engine/Shaders/Private/ReductionCommon.ush" 2683
"../../../Engine/Shaders/Private/GPUMessaging.ush" 2684
"../../../Engine/Shaders/Private/VirtualShadowMaps/VirtualShadowMapPerPageDispatch.ush" 2685
"../../../Engine/Shaders/Private/VirtualShadowMaps/VirtualShadowMapComputeExplicitChunkDrawsViewMask.usf" 2686
"../../../Engine/Shaders/Shared/SceneCullingDefinitions.h" 2687
"../../../Engine/Shaders/Private/VirtualShadowMaps/VirtualShadowMapCompactViews.usf" 2688
"../../../Engine/Shaders/Private/VirtualShadowMaps/VirtualShadowMapBuildPerPageDrawCommands.usf" 2689
"../../../Engine/Shaders/Private/InstanceCulling/InstanceCullingCommon.ush" 2690
"../../../Engine/Shaders/Shared/InstanceCullingDefinitions.h" 2691
"../../../Engine/Shaders/Private/VirtualShadowMaps/VirtualShadowMapPrintStats.usf" 2692
"../../../Engine/Shaders/Private/VirtualShadowMaps/VirtualShadowMapPageManagement.usf" 2693
"../../../Engine/Shaders/Private/VirtualShadowMaps/VirtualShadowMapPageMarking.usf" 2694
"../../../Engine/Shaders/Private/VirtualShadowMaps/VirtualShadowMapPageMarking.ush" 2695
"../../../Engine/Shaders/Shared/SingleLayerWaterDefinitions.h" 2696
"../../../Engine/Shaders/Private/HairStrands/HairStrandsTileCommon.ush" 2697
"../../../Engine/Shaders/Private/Froxel/Froxel.ush" 2698
"../../../Engine/Shaders/Shared/FroxelDefinitions.h" 2699
"../../../Engine/Shaders/Private/VirtualShadowMaps/VirtualShadowMapThrottle.usf" 2700
"../../../Engine/Shaders/Private/VelocityUpdate.usf" 2701
"../../../Engine/Shaders/Private/VelocityCommon.ush" 2702
"../../../Engine/Shaders/Private/VelocityShader.usf" 2703
"../../../Engine/Shaders/Private/BasePassCommonFunctions.ush" 2704
"../../../Engine/Shaders/Private/VariableRateShading/VRSShadingRatePreview.usf" 2705
"../../../Engine/Shaders/Private/VariableRateShading/VRSShadingRateCommon.ush" 2706
"../../../Engine/Shaders/Private/VariableRateShading/VRSShadingRateCombine.usf" 2707
"../../../Engine/Shaders/Private/VariableRateShading/VRSShadingRateFoveated.usf" 2708
"../../../Engine/Shaders/Private/VariableRateShading/VRSShadingRateReproject.usf" 2709
"../../../Engine/Shaders/Private/VariableRateShading/VRSShadingRateCalculate.usf" 2710
"../../../Engine/Shaders/Private/TranslucencyUpsampling.usf" 2711
"../../../Engine/Shaders/Private/ComposeSeparateTranslucency.usf" 2712
"../../../Engine/Shaders/Private/SeparateTranslucency.ush" 2713
"../../../Engine/Shaders/Private/TranslucencyVolumeVisualize.usf" 2714
"../../../Engine/Shaders/Private/TranslucencyVolumeCommon.ush" 2715
"../../../Engine/Shaders/Private/TranslucentLightInjectionShaders.usf" 2716
"../../../Engine/Shaders/Private/HeterogeneousVolumes/HeterogeneousVolumesAdaptiveVolumetricShadowMapSampling.ush" 2717
"../../../Engine/Shaders/Private/HeterogeneousVolumes/HeterogeneousVolumesAdaptiveVolumetricShadowMapUtils.ush" 2718
"../../../Engine/Shaders/Private/HeterogeneousVolumes/HeterogeneousVolumesBeerShadowMapUtils.ush" 2719
"../../../Engine/Shaders/Private/TranslucentShadowDepthShaders.usf" 2720
"../../../Engine/Shaders/Private/ShadowDepthCommon.ush" 2721
"../../../Engine/Shaders/Private/RayTracing/RayTracingTest.usf" 2722
"../../../Engine/Shaders/Private/PostProcessSubsurfaceTile.usf" 2723
"../../../Engine/Shaders/Private/PostProcessSubsurfaceCommon.ush" 2724
"../../../Engine/Shaders/Private/Substrate/SubstrateVisualize.usf" 2725
"../../../Engine/Shaders/Private/Substrate/SubstrateTile.ush" 2726
"../../../Engine/Shaders/Shared/SubstrateVisualizeDefinitions.h" 2727
"../../../Engine/Shaders/Private/Substrate/SubstrateVisualizeCommon.ush" 2728
"../../../Engine/Shaders/Private/SkyLightingDiffuseShared.ush" 2729
"../../../Engine/Shaders/Private/SkyLightingShared.ush" 2730
"../../../Engine/Shaders/Private/ClearCoatCommon.ush" 2731
"../../../Engine/Shaders/Private/ReflectionEnvironmentComposite.ush" 2732
"../../../Engine/Shaders/Private/Substrate/SubstrateLightingCommon.ush" 2733
"../../../Engine/Shaders/Private/Substrate/SubstrateRoughRefraction.usf" 2734
"../../../Engine/Shaders/Private/PathTracing/Material/PathTracingFresnel.ush" 2735
"../../../Engine/Shaders/Private/PathTracing/Material/PathTracingGlossy.ush" 2736
"../../../Engine/Shaders/Private/Substrate/SubstrateMaterialSampling.usf" 2737
"../../../Engine/Shaders/Private/Substrate/SubstrateMaterialSampling.ush" 2738
"../../../Engine/Shaders/Private/Lumen/LumenPosition.ush" 2739
"../../../Engine/Shaders/Private/Substrate/SubstrateTile.usf" 2740
"../../../Engine/Shaders/Private/Substrate/SubstrateMaterialClassification.usf" 2741
"../../../Engine/Shaders/Private/Substrate/SubstrateDBuffer.usf" 2742
"../../../Engine/Shaders/Private/StochasticLighting/StochasticLightingTileClassification.usf" 2743
"../../../Engine/Shaders/Private/Lumen/LumenMaterial.ush" 2744
"../../../Engine/Shaders/Private/HairStrands/HairStrandsVisibilityUtils.ush" 2745
"../../../Engine/Shaders/Private/Lumen/LumenReflectionCommon.ush" 2746
"../../../Engine/Shaders/Private/Lumen/LumenReflectionsCombine.ush" 2747
"../../../Engine/Shaders/Private/Lumen/LumenScreenProbeTileClassication.ush" 2748
"../../../Engine/Shaders/Private/MegaLights/MegaLightsTileClassification.ush" 2749
"../../../Engine/Shaders/Private/StochasticLighting/StochasticLightingUpsample.ush" 2750
"../../../Engine/Shaders/Private/StochasticLighting/StochasticLightingCommon.ush" 2751
"../../../Engine/Shaders/Private/SplineMeshSceneTexture.usf" 2752
"../../../Engine/Shaders/Private/SparseVolumeTexture/VisualizeSparseVolumeTexture.usf" 2753
"../../../Engine/Shaders/Private/SkyAtmosphere.usf" 2754
"../../../Engine/Shaders/Private/Skinning/ResolveAttachments.usf" 2755
"../../../Engine/Shaders/Private/Nanite/NaniteSkinningUpdateViewData.usf" 2756
"../../../Engine/Shaders/Private/SceneCulling/SceneCulling.ush" 2757
"../../../Engine/Shaders/Private/Skinning/CopyPreviousTransforms.usf" 2758
"../../../Engine/Shaders/Private/Skinning/TransformProviders.usf" 2759
"../../../Engine/Shaders/Private/Skinning/SkinnedMeshDebug.usf" 2760
"../../../Engine/Shaders/Private/Skinning/AnimSequenceTransformProvider.usf" 2761
"../../../Engine/Shaders/Private/Skinning/AnimBankEval.usf" 2762
"../../../Engine/Shaders/Private/SingleLayerWaterComposite.usf" 2763
"../../../Engine/Shaders/Private/Froxel/FroxelBuild.ush" 2764
"../../../Engine/Shaders/Private/SingleLayerWaterRefractionCulling.usf" 2765
"../../../Engine/Shaders/Private/ScreenSpaceShadows.usf" 2766
"../../../Engine/Shaders/Private/bend_sss_gpu.ush" 2767
"../../../Engine/Shaders/Private/ShadowFactorsUpsampleCommon.ush" 2768
"../../../Engine/Shaders/Private/FirstPersonSelfShadow.usf" 2769
"../../../Engine/Shaders/Private/HZBTracing.ush" 2770
"../../../Engine/Shaders/Private/LateZDummyPS.usf" 2771
"../../../Engine/Shaders/Private/ShadowProjectionVertexShader.usf" 2772
"../../../Engine/Shaders/Private/ShadowProjectionPixelShader.usf" 2773
"../../../Engine/Shaders/Private/MobileLightingCommon.ush" 2774
"../../../Engine/Shaders/Private/PlanarReflectionShared.ush" 2775
"../../../Engine/Shaders/Private/MobileSSR.ush" 2776
"../../../Engine/Shaders/Private/SSRT/SSRTRayCast.ush" 2777
"../../../Engine/Shaders/Private/ShadowPercentageCloserFiltering.ush" 2778
"../../../Engine/Shaders/Private/TransmissionThickness.ush" 2779
"../../../Engine/Shaders/Private/CopyShadowMaps.usf" 2780
"../../../Engine/Shaders/Private/ShadowDepthPixelShader.usf" 2781
"../../../Engine/Shaders/Private/ShadowDepthVertexShader.usf" 2782
"../../../Engine/Shaders/Private/ShadingEnergyConservationTable.usf" 2783
"../../../Engine/Shaders/Shared/PathTracingDefinitions.h" 2784
"../../../Engine/Shaders/Private/ShadingFurnaceTest.usf" 2785
"../../../Engine/Shaders/Private/Substrate/SubstrateDeferredLighting.ush" 2786
"../../../Engine/Shaders/Private/ShaderPrintDraw.usf" 2787
"../../../Engine/Shaders/Private/ShaderPrintDrawPrimitive.usf" 2788
"../../../Engine/Shaders/Private/DefaultSSRTiles.usf" 2789
"../../../Engine/Shaders/Private/ScreenSpaceReflectionTileCommons.ush" 2790
"../../../Engine/Shaders/Private/SSRT/SSRTDiffuseIndirect.usf" 2791
"../../../Engine/Shaders/Private/SSRT/SSRTTileClassificationBuffer.ush" 2792
"../../../Engine/Shaders/Private/SSRT/SSRTReflections.usf" 2793
"../../../Engine/Shaders/Private/ScreenSpaceDenoise/SSDPublic.ush" 2794
"../../../Engine/Shaders/Private/SSRT/SSRTTileClassification.usf" 2795
"../../../Engine/Shaders/Private/SSRT/SSRTPrevFrameReduction.usf" 2796
"../../../Engine/Shaders/Private/ScreenSpaceDenoise/SSDComposeHarmonics.usf" 2797
"../../../Engine/Shaders/Private/ScreenSpaceDenoise/SSDPublicHarmonics.ush" 2798
"../../../Engine/Shaders/Private/ScreenSpaceDenoise/SSDSignalFramework.ush" 2799
"../../../Engine/Shaders/Private/ScreenSpaceDenoise/SSDCommon.ush" 2800
"../../../Engine/Shaders/Private/SphericalGaussian.ush" 2801
"../../../Engine/Shaders/Private/ScreenSpaceDenoise/SSDMetadata.ush" 2802
"../../../Engine/Shaders/Private/ScreenSpaceDenoise/SSDSignalCore.ush" 2803
"../../../Engine/Shaders/Private/ScreenSpaceDenoise/DenoisingCommon.ush" 2804
"../../../Engine/Shaders/Private/ScreenSpaceDenoise/SSDSignalArray.ush" 2805
"../../../Engine/Shaders/Private/ScreenSpaceDenoise/SSDSignalBufferEncoding.ush" 2806
"../../../Engine/Shaders/Private/ScreenSpaceDenoise/SSDPublicBufferEncoding.ush" 2807
"../../../Engine/Shaders/Private/Lumen/LumenBufferEncoding.ush" 2808
"../../../Engine/Shaders/Private/ScreenSpaceDenoise/SSDTemporalAccumulation.usf" 2809
"../../../Engine/Shaders/Private/ScreenSpaceDenoise/SSDSpatialKernel.ush" 2810
"../../../Engine/Shaders/Private/ScreenSpaceDenoise/SSDSignalAccumulatorArray.ush" 2811
"../../../Engine/Shaders/Private/ScreenSpaceDenoise/SSDSignalAccumulator.ush" 2812
"../../../Engine/Shaders/Private/ScreenSpaceDenoise/SSDSignalCompression.ush" 2813
"../../../Engine/Shaders/Private/ScreenSpaceDenoise/SSDSpatialAccumulation.usf" 2814
"../../../Engine/Shaders/Private/ScreenSpaceDenoise/SSDInjest.usf" 2815
"../../../Engine/Shaders/Private/ScreenSpaceDenoise/SSDCompressMetadata.usf" 2816
"../../../Engine/Shaders/Private/DownsampleDepthPixelShader.usf" 2817
"../../../Engine/Shaders/Private/ScreenPass.usf" 2818
"../../../Engine/Shaders/Private/HZB.usf" 2819
"../../../Engine/Shaders/Private/OcclusionFeedbackShaders.usf" 2820
"../../../Engine/Shaders/Private/HZBOcclusion.usf" 2821
"../../../Engine/Shaders/Private/OcclusionQueryPixelShader.usf" 2822
"../../../Engine/Shaders/Private/OcclusionQueryVertexShader.usf" 2823
"../../../Engine/Shaders/Private/HitProxyCopy.usf" 2824
"../../../Engine/Shaders/Private/HitProxyPixelShader.usf" 2825
"../../../Engine/Shaders/Private/HitProxyVertexShader.usf" 2826
"../../../Engine/Shaders/Private/SceneCulling/SceneCullingDebugRender.usf" 2827
"../../../Engine/Shaders/Private/SceneCulling/SceneCullingBuildExplicitBounds.usf" 2828
"../../../Engine/Shaders/Private/SceneCapturePixelShader.usf" 2829
"../../../Engine/Shaders/Private/RendererUtils.usf" 2830
"../../../Engine/Shaders/Private/RTWriteMaskDecode.usf" 2831
"../../../Engine/Shaders/Private/ReflectionEnvironmentShaders.usf" 2832
"../../../Engine/Shaders/Private/RectLightAtlas.usf" 2833
"../../../Engine/Shaders/Private/RayTracing/TraceRayInlineStatistics.usf" 2834
"../../../Engine/Shaders/Private/RayTracing/CompositeSkyLightPS.usf" 2835
"../../../Engine/Shaders/Private/RayTracing/GenerateSkyLightVisibilityRaysCS.usf" 2836
"../../../Engine/Shaders/Private/RayTracing/RayTracingSkyLightCommon.ush" 2837
"../../../Engine/Shaders/Private/RayTracing/SkyLightVisibilityRaysData.ush" 2838
"../../../Engine/Shaders/Private/RayTracing/RayTracingSkyLightRGS.usf" 2839
"../../../Engine/Shaders/Private/HairStrands/HairStrandsRaytracing.ush" 2840
"../../../Engine/Shaders/Private/RayTracing/RayTracingSkyLightEvaluation.ush" 2841
"../../../Engine/Shaders/Private/RayTracing/RayTracingDeferredShadingCommon.ush" 2842
"../../../Engine/Shaders/Private/RayTracing/RayTracingOcclusionRGS.usf" 2843
"../../../Engine/Shaders/Private/RayTracing/RayTracingDirectionalLight.ush" 2844
"../../../Engine/Shaders/Private/RayTracing/RayTracingRectLight.ush" 2845
"../../../Engine/Shaders/Private/RayTracing/RayTracingSphereLight.ush" 2846
"../../../Engine/Shaders/Private/RayTracing/RayTracingCapsuleLight.ush" 2847
"../../../Engine/Shaders/Private/RayTracing/RayTracingFeedback.usf" 2848
"../../../Engine/Shaders/Shared/RayTracingDebugTypes.h" 2849
"../../../Engine/Shaders/Private/RayTracing/RayTracingPrimaryRays.usf" 2850
"../../../Engine/Shaders/Private/RayTracing/RayTracingLightingCommon.ush" 2851
"../../../Engine/Shaders/Private/RayTracing/RayTracingLightCullingCommon.ush" 2852
"../../../Engine/Shaders/Private/RayTracing/RayTracingMaterialDefaultHitShaders.usf" 2853
"../../../Engine/Shaders/Private/RayTracing/RayTracingMaterialHitShaders.usf" 2854
"../../../Engine/Shaders/Private/RayTracing/RayTracingShaderUtils.ush" 2855
"../../../Engine/Shaders/Private/RayTracing/RayTracingCalcInterpolants.ush" 2856
"../../../Engine/Shaders/Private/LightmapCommon.ush" 2857
"../../../Engine/Shaders/Private/Lumen/LumenHardwareRayTracingPayloadCommon.ush" 2858
"../../../Engine/Shaders/Shared/LumenDefinitions.h" 2859
"../../../Engine/Shaders/Private/Substrate/SubstrateExport.ush" 2860
"../../../Engine/Shaders/Private/RayTracing/RayTracingLightingMS.usf" 2861
"../../../Engine/Shaders/Private/Lumen/LumenDiffuseColorBoost.ush" 2862
"../../../Engine/Shaders/Private/RayTracing/RayTracingLightFunctionCommon.ush" 2863
"../../../Engine/Shaders/Private/RayTracing/RayTracingBuildLightGrid.usf" 2864
"../../../Engine/Shaders/Private/RayTracing/RayTracingInstanceBufferUtil.usf" 2865
"../../../Engine/Shaders/Shared/NaniteRayTracingDefinitions.h" 2866
"../../../Engine/Shaders/Private/RayTracing/RayTracingDynamicMesh.usf" 2867
"../../../Engine/Shaders/Private/RayTracing/RayTracingDefaultDecalHitShader.usf" 2868
"../../../Engine/Shaders/Private/RayTracing/RayTracingDecalMaterialShader.usf" 2869
"../../../Engine/Shaders/Private/PathTracing/PathTracingShaderUtils.ush" 2870
"../../../Engine/Shaders/Private/PathTracing/PathTracingCommon.ush" 2871
"../../../Engine/Shaders/Private/PathTracing/Material/PathTracingMaterialCommon.ush" 2872
"../../../Engine/Shaders/Private/PathTracing/Utilities/PathTracingRIS.ush" 2873
"../../../Engine/Shaders/Private/RayTracing/RayTracingBuildDecalGrid.usf" 2874
"../../../Engine/Shaders/Private/RayTracing/RayTracingDebugHitStatsUtils.usf" 2875
"../../../Engine/Shaders/Private/RayTracing/RayTracingDebugInstanceOverlap.usf" 2876
"../../../Engine/Shaders/Private/RayTracing/RayTracingDebugPicking.usf" 2877
"../../../Engine/Shaders/Private/RayTracing/RayTracingDebugUtils.ush" 2878
"../../../Engine/Shaders/Private/RayTracing/RayTracingDebugTraversal.usf" 2879
"../../../Engine/Shaders/Private/RayTracing/RayTracingDeferredMaterials.ush" 2880
"../../../Engine/Shaders/Shared/ThirdParty/AMD/ags_shader_intrinsics_dx12.h" 2881
"../../../Engine/Shaders/Shared/RaytracingDebugDefinitions.h" 2882
"../../../Engine/Shaders/Private/RayTracing/RayTracingDebugHitStatsCHS.usf" 2883
"../../../Engine/Shaders/Private/RayTracing/RayTracingDebugHitStats.usf" 2884
"../../../Engine/Shaders/Private/RayTracing/RayTracingDebugMS.usf" 2885
"../../../Engine/Shaders/Private/RayTracing/RayTracingDebugCHS.usf" 2886
"../../../Engine/Shaders/Private/RayTracing/RayTracingDebug.usf" 2887
"../../../Engine/Shaders/Private/RayTracing/RayTracingBuiltInShaders.usf" 2888
"../../../Engine/Shaders/Private/RayTracing/RayTracingBarycentrics.usf" 2889
"../../../Engine/Shaders/Private/RayTracing/RayTracingAmbientOcclusionRGS.usf" 2890
"../../../Engine/Shaders/Private/VisualizeShadingModels.usf" 2891
"../../../Engine/Shaders/Private/MotionBlur/VisualizeMotionVectors.usf" 2892
"../../../Engine/Shaders/Private/Tools/ColorGradingHistogram.usf" 2893
"../../../Engine/Shaders/Private/Tools/ColorGradingVectorScope.usf" 2894
"../../../Engine/Shaders/Private/Tools/ColorGradingParade.usf" 2895
"../../../Engine/Shaders/Private/TemporalSuperResolution/TSRVisualize.usf" 2896
"../../../Engine/Shaders/Private/TemporalSuperResolution/TSRColorSpace.ush" 2897
"../../../Engine/Shaders/Private/TemporalSuperResolution/TSRCommon.ush" 2898
"../../../Engine/Shaders/Public/DualPixelVectorization.ush" 2899
"../../../Engine/Shaders/Private/TemporalSuperResolution/TSRReprojectionField.ush" 2900
"../../../Engine/Shaders/Private/TemporalSuperResolution/TSRResolveHistory.usf" 2901
"../../../Engine/Shaders/Private/TemporalSuperResolution/TSRConvolutionNetwork.ush" 2902
"../../../Engine/Shaders/Private/TemporalSuperResolution/TSRKernels.ush" 2903
"../../../Engine/Shaders/Public/LaneVectorization.ush" 2904
"../../../Engine/Shaders/Private/TemporalSuperResolution/TSRUpdateHistory.usf" 2905
"../../../Engine/Shaders/Private/TemporalSuperResolution/TSRSpatialAntiAliasing.ush" 2906
"../../../Engine/Shaders/Private/TemporalSuperResolution/TSRSpatialAntiAliasing.usf" 2907
"../../../Engine/Shaders/Private/TemporalSuperResolution/TSRRejectShading.usf" 2908
"../../../Engine/Shaders/Private/TemporalSuperResolution/TSRShadingAnalysis.ush" 2909
"../../../Engine/Shaders/Private/TemporalSuperResolution/TSRConvolutionNetworkPass.ush" 2910
"../../../Engine/Shaders/Private/TemporalSuperResolution/TSRDecimateHistory.usf" 2911
"../../../Engine/Shaders/Private/TemporalSuperResolution/TSRDepthVelocityAnalysis.ush" 2912
"../../../Engine/Shaders/Private/TemporalSuperResolution/TSRClosestOccluder.ush" 2913
"../../../Engine/Shaders/Private/TemporalSuperResolution/TSRWeightRelaxation.usf" 2914
"../../../Engine/Shaders/Private/TemporalSuperResolution/TSRThinGeometryCommon.ush" 2915
"../../../Engine/Shaders/Private/TemporalSuperResolution/TSRDetectThinGeometry.usf" 2916
"../../../Engine/Shaders/Private/TemporalSuperResolution/TSRDilateVelocity.usf" 2917
"../../../Engine/Shaders/Private/MotionBlur/MotionBlurVelocityFlatten.ush" 2918
"../../../Engine/Shaders/Private/MotionBlur/MotionBlurCommon.ush" 2919
"../../../Engine/Shaders/Private/TemporalSuperResolution/TSRClearPrevTextures.usf" 2920
"../../../Engine/Shaders/Private/TemporalSuperResolution/TSRMeasureCoverage.usf" 2921
"../../../Engine/Shaders/Private/TemporalSuperResolution/TSRMeasureFlickeringLuma.usf" 2922
"../../../Engine/Shaders/Private/TemporalAA.usf" 2923
"../../../Engine/Shaders/Private/SMAA/SMAADebugVisualization.usf" 2924
"../../../Engine/Shaders/Private/SMAA/SMAACommon.ush" 2925
"../../../Engine/Shaders/Private/SMAA/SMAA.ush" 2926
"../../../Engine/Shaders/Private/SMAA/SMAANeighborhoodBlendingShader.usf" 2927
"../../../Engine/Shaders/Private/SMAA/SMAABlendingWeightCalculationShader.usf" 2928
"../../../Engine/Shaders/Private/SMAA/SMAAEdgeDetectionShader.usf" 2929
"../../../Engine/Shaders/Private/FilterPixelShader.usf" 2930
"../../../Engine/Shaders/Private/FilterVertexShader.usf" 2931
"../../../Engine/Shaders/Private/VisualizeVirtualTexture.usf" 2932
"../../../Engine/Shaders/Private/PostProcessVisualizeBuffer.usf" 2933
"../../../Engine/Shaders/Private/PostProcessVisualizeLocalExposure.usf" 2934
"../../../Engine/Shaders/Private/PostProcessHistogramCommon.ush" 2935
"../../../Engine/Shaders/Private/TonemapCommon.ush" 2936
"../../../Engine/Shaders/Private/ACES/ACESCommon.ush" 2937
"../../../Engine/Shaders/Private/ACES/ACESOutputTransform.ush" 2938
"../../../Engine/Shaders/Private/ACES/ACESUtilities.ush" 2939
"../../../Engine/Shaders/Private/ACES/ACESTonescale.ush" 2940
"../../../Engine/Shaders/Private/ACES/ACESDisplayEncoding.ush" 2941
"../../../Engine/Shaders/Private/ACES/ACES_v1.3.ush" 2942
"../../../Engine/Shaders/Private/PostProcessVisualizeLevelInstance.usf" 2943
"../../../Engine/Shaders/Private/PostProcessVisualizeHDR.usf" 2944
"../../../Engine/Shaders/Private/ShaderComplexityApplyPixelShader.usf" 2945
"../../../Engine/Shaders/Private/QuadOverdraw.ush" 2946
"../../../Engine/Shaders/Private/PostProcessUpscale.usf" 2947
"../../../Engine/Shaders/Private/PostProcessTonemap.usf" 2948
"../../../Engine/Shaders/Private/PostProcessing/FilmGrainPackConstants.usf" 2949
"../../../Engine/Shaders/Private/PostProcessing/FilmGrainReduce.usf" 2950
"../../../Engine/Shaders/Private/PostProcessTestImage.usf" 2951
"../../../Engine/Shaders/Private/PostProcessSubsurface.usf" 2952
"../../../Engine/Shaders/Private/PostProcessSubsurfaceDiffuse.ush" 2953
"../../../Engine/Shaders/Private/SeparableSSS.ush" 2954
"../../../Engine/Shaders/Private/SubsurfaceBurleyNormalized.ush" 2955
"../../../Engine/Shaders/Private/PostProcessSubsurfaceDiffuse.usf" 2956
"../../../Engine/Shaders/Private/PostProcessSelectionOutline.usf" 2957
"../../../Engine/Shaders/Private/MotionBlur/MotionBlurVisualize.usf" 2958
"../../../Engine/Shaders/Private/MotionBlur/MotionBlurApply.usf" 2959
"../../../Engine/Shaders/Private/MotionBlur/MotionBlurFilterTileClassify.usf" 2960
"../../../Engine/Shaders/Private/MotionBlur/MotionBlurTileScatter.usf" 2961
"../../../Engine/Shaders/Private/MotionBlur/MotionBlurTileGather.usf" 2962
"../../../Engine/Shaders/Private/MotionBlur/MotionBlurVelocityFlatten.usf" 2963
"../../../Engine/Shaders/Private/PostProcessMobile.usf" 2964
"../../../Engine/Shaders/Private/PostProcessMitchellNetravali.usf" 2965
"../../../Engine/Shaders/Private/PostProcessMaterialShaders.usf" 2966
"../../../Engine/Shaders/Private/NeuralPostProcessCommon.usf" 2967
"../../../Engine/Shaders/Private/PostProcessLocalExposure.usf" 2968
"../../../Engine/Shaders/Private/PostProcessLensFlares.usf" 2969
"../../../Engine/Shaders/Private/PostProcessGBufferHints.usf" 2970
"../../../Engine/Shaders/Private/PostProcessHMD.usf" 2971
"../../../Engine/Shaders/Private/Histogram.usf" 2972
"../../../Engine/Shaders/Private/PostProcessExposureMaterial.ush" 2973
"../../../Engine/Shaders/Private/PostProcessHistogramReduce.usf" 2974
"../../../Engine/Shaders/Private/PostProcessHistogram.usf" 2975
"../../../Engine/Shaders/Private/Bloom/BloomFinalizeApplyConstants.usf" 2976
"../../../Engine/Shaders/Private/Bloom/BloomCommon.ush" 2977
"../../../Engine/Shaders/Private/Bloom/BloomResizeKernel.usf" 2978
"../../../Engine/Shaders/Private/Bloom/BloomDownsampleKernel.usf" 2979
"../../../Engine/Shaders/Private/Bloom/BloomClampKernel.usf" 2980
"../../../Engine/Shaders/Private/Bloom/BloomPackKernelConstants.usf" 2981
"../../../Engine/Shaders/Private/Bloom/BloomSumScatterDispersionEnergy.usf" 2982
"../../../Engine/Shaders/Private/Bloom/BloomReduceKernelSurvey.usf" 2983
"../../../Engine/Shaders/Private/Bloom/BloomSurveyKernelCenterEnergy.usf" 2984
"../../../Engine/Shaders/Private/Bloom/BloomSurveyMaxScatterDispersion.usf" 2985
"../../../Engine/Shaders/Private/Bloom/BloomFindKernelCenter.usf" 2986
"../../../Engine/Shaders/Private/PostProcessEyeAdaptation.usf" 2987
"../../../Engine/Shaders/Private/PostProcessEyeAdaptationUtils.usf" 2988
"../../../Engine/Shaders/Private/PostProcessDownsample.usf" 2989
"../../../Engine/Shaders/Private/PostProcessDOF.usf" 2990
"../../../Engine/Shaders/Private/PostProcessDeviceEncodingOnly.usf" 2991
"../../../Engine/Shaders/Private/PostProcessCompositePrimitives.usf" 2992
"../../../Engine/Shaders/Private/PostProcessCombineLUTsInner.usf" 2993
"../../../Engine/Shaders/Private/PostProcessCombineLUTs.usf" 2994
"../../../Engine/Shaders/Private/PostProcessVisualizeDOF.usf" 2995
"../../../Engine/Shaders/Private/PostProcessBloom.usf" 2996
"../../../Engine/Shaders/Private/PostProcessAmbientOcclusion.usf" 2997
"../../../Engine/Shaders/Private/PostProcessAmbientOcclusionCommon.ush" 2998
"../../../Engine/Shaders/Private/FXAAShader.usf" 2999
"../../../Engine/Shaders/Private/Fxaa3_11.ush" 3000
"../../../Engine/Shaders/Private/PaniniProjection.usf" 3001
"../../../Engine/Shaders/Private/DiaphragmDOF/DOFRecombine.usf" 3002
"../../../Engine/Shaders/Private/DiaphragmDOF/DOFHybridScatterPixelShader.usf" 3003
"../../../Engine/Shaders/Private/DiaphragmDOF/DOFHybridScatterCommon.ush" 3004
"../../../Engine/Shaders/Private/DiaphragmDOF/DOFVignetteCommon.ush" 3005
"../../../Engine/Shaders/Private/DiaphragmDOF/DOFHybridScatterVertexShader.usf" 3006
"../../../Engine/Shaders/Private/DiaphragmDOF/DOFPostfiltering.usf" 3007
"../../../Engine/Shaders/Private/DiaphragmDOF/DOFGatherTileSuggest.ush" 3008
"../../../Engine/Shaders/Private/DiaphragmDOF/DOFCocTileCommon.ush" 3009
"../../../Engine/Shaders/Private/DiaphragmDOF/DOFGatherPass.usf" 3010
"../../../Engine/Shaders/Private/DiaphragmDOF/DOFGatherCommon.ush" 3011
"../../../Engine/Shaders/Private/DiaphragmDOF/DOFGatherAccumulator.ush" 3012
"../../../Engine/Shaders/Private/DiaphragmDOF/DOFGatherKernel.ush" 3013
"../../../Engine/Shaders/Private/DiaphragmDOF/DOFBokehLUT.usf" 3014
"../../../Engine/Shaders/Private/DiaphragmDOF/DOFHybridScatterCompilation.usf" 3015
"../../../Engine/Shaders/Private/DiaphragmDOF/DOFReduce.usf" 3016
"../../../Engine/Shaders/Private/DiaphragmDOF/DOFDownsample.ush" 3017
"../../../Engine/Shaders/Private/DiaphragmDOF/DOFHybridScatterCompilation.ush" 3018
"../../../Engine/Shaders/Private/DiaphragmDOF/DOFDownsample.usf" 3019
"../../../Engine/Shaders/Private/DiaphragmDOF/DOFCocTileDilate.usf" 3020
"../../../Engine/Shaders/Private/DiaphragmDOF/DOFCocTileFlatten.usf" 3021
"../../../Engine/Shaders/Private/DiaphragmDOF/DOFSetup.usf" 3022
"../../../Engine/Shaders/Private/Tools/DebugAlphaChannel.usf" 3023
"../../../Engine/Shaders/Private/PostProcessChannelMask.usf" 3024
"../../../Engine/Shaders/Private/PostProcessAlphaInvert.usf" 3025
"../../../Engine/Shaders/Private/PlanarReflectionShaders.usf" 3026
"../../../Engine/Shaders/Private/PhysicsFieldVisualizer.usf" 3027
"../../../Engine/Shaders/Private/PathTracing/PathTracingSpatialTemporalDenoising.usf" 3028
"../../../Engine/Shaders/Private/ColorDifference.ush" 3029
"../../../Engine/Shaders/Private/PathTracing/PathTracingCompositingPixelShader.usf" 3030
"../../../Engine/Shaders/Private/PathTracing/PathTracingAdaptiveUtils.ush" 3031
"../../../Engine/Shaders/Private/PathTracing/PathTracingDefaultHitShader.usf" 3032
"../../../Engine/Shaders/Private/PathTracing/PathTracingGPULightmassMaterialHitShader.usf" 3033
"../../../Engine/Shaders/Private/PathTracing/PathTracingMaterialHitShader.usf" 3034
"../../../Engine/Shaders/Private/PathTracing/Material/PathTracingSubstrateCommon.ush" 3035
"../../../Engine/Shaders/Private/PathTracing/PathTracingLightingMissShader.usf" 3036
"../../../Engine/Shaders/Private/PathTracing/PathTracingMissShader.usf" 3037
"../../../Engine/Shaders/Private/PathTracing/PathTracingAdaptiveStart.usf" 3038
"../../../Engine/Shaders/Private/PathTracing/PathTracingBuildAdaptiveError.usf" 3039
"../../../Engine/Shaders/Private/PathTracing/PathTracingVolumetricCloudMaterialShader.usf" 3040
"../../../Engine/Shaders/Private/PathTracing/Volume/PathTracingCloudsMaterialCommon.ush" 3041
"../../../Engine/Shaders/Private/PathTracing/Volume/PathTracingVolumeCommon.ush" 3042
"../../../Engine/Shaders/Private/PathTracing/Volume/PathTracingCloudsCommon.ush" 3043
"../../../Engine/Shaders/Private/PathTracing/Volume/PathTracingFog.ush" 3044
"../../../Engine/Shaders/Private/PathTracing/Volume/PathTracingAtmosphere.ush" 3045
"../../../Engine/Shaders/Private/PathTracing/Volume/PathTracingAtmosphereCommon.ush" 3046
"../../../Engine/Shaders/Private/PathTracing/Volume/PathTracingVolumeSampling.ush" 3047
"../../../Engine/Shaders/Private/PathTracing/PathTracingHeterogeneousVolumeMaterialShader.usf" 3048
"../../../Engine/Shaders/Private/HeterogeneousVolumes/HeterogeneousVolumesTracingUtils.ush" 3049
"../../../Engine/Shaders/Private/HeterogeneousVolumes/HeterogeneousVolumesVoxelGridTypes.ush" 3050
"../../../Engine/Shaders/Private/HeterogeneousVolumes/HeterogeneousVolumesVoxelGridUtils.ush" 3051
"../../../Engine/Shaders/Private/PathTracing/Volume/PathTracingHeterogeneousVolumesForwardDecl.ush" 3052
"../../../Engine/Shaders/Private/PathTracing/Volume/PathTracingHeterogeneousVolumesMaterialCommon.ush" 3053
"../../../Engine/Shaders/Private/PathTracing/Volume/PathTracingHeterogeneousVolumesTrackingCommon.ush" 3054
"../../../Engine/Shaders/Private/PathTracing/Volume/PathTracingHeterogeneousVolumesPreshadingCommon.ush" 3055
"../../../Engine/Shaders/Private/PathTracing/PathTracingBuildCloudAccelerationMap.usf" 3056
"../../../Engine/Shaders/Private/PathTracing/PathTracingBuildAtmosphereLUT.usf" 3057
"../../../Engine/Shaders/Private/PathTracing/PathTracingSwizzleScanlines.usf" 3058
"../../../Engine/Shaders/Private/PathTracing/PathTracingInitExtinctionCoefficient.usf" 3059
"../../../Engine/Shaders/Private/PathTracing/PathTracingCopyDepth.usf" 3060
"../../../Engine/Shaders/Private/PathTracing/PathTracingDebug.usf" 3061
"../../../Engine/Shaders/Private/RayTracing/RayTracingDecalGrid.ush" 3062
"../../../Engine/Shaders/Private/PathTracing/PathTracingDecals.ush" 3063
"../../../Engine/Shaders/Private/PathTracing/Material/PathTracingMaterialSampling.ush" 3064
"../../../Engine/Shaders/Private/PathTracing/Material/PathTracingLambert.ush" 3065
"../../../Engine/Shaders/Private/PathTracing/Material/PathTracingSubstrate.ush" 3066
"../../../Engine/Shaders/Private/PathTracing/Material/PathTracingEnergyConservation.ush" 3067
"../../../Engine/Shaders/Private/PathTracing/Material/PathTracingSubstrateFoliage.ush" 3068
"../../../Engine/Shaders/Private/PathTracing/Material/PathTracingSubstrateSolidGlass.ush" 3069
"../../../Engine/Shaders/Private/PathTracing/Material/PathTracingSubstrateThinGlass.ush" 3070
"../../../Engine/Shaders/Private/PathTracing/Material/PathTracingEye.ush" 3071
"../../../Engine/Shaders/Private/PathTracing/Material/PathTracingHair.ush" 3072
"../../../Engine/Shaders/Private/PathTracing/Material/PathTracingMedium.ush" 3073
"../../../Engine/Shaders/Private/PathTracing/Light/PathTracingLightSampling.ush" 3074
"../../../Engine/Shaders/Private/PathTracing/Light/PathTracingLightCommon.ush" 3075
"../../../Engine/Shaders/Private/PathTracing/Light/PathTracingDirectionalLight.ush" 3076
"../../../Engine/Shaders/Private/PathTracing/Light/PathTracingPointLight.ush" 3077
"../../../Engine/Shaders/Private/PathTracing/Light/PathTracingCapsuleLight.ush" 3078
"../../../Engine/Shaders/Private/PathTracing/Light/PathTracingRectLight.ush" 3079
"../../../Engine/Shaders/Private/PathTracing/Light/PathTracingSkyLight.ush" 3080
"../../../Engine/Shaders/Private/PathTracing/Light/PathTracingLightGrid.ush" 3081
"../../../Engine/Shaders/Private/PathTracing/PathTracing.usf" 3082
"../../../Engine/Shaders/Private/PathTracing/PathTracingCore.ush" 3083
"../../../Engine/Shaders/Private/PathTracing/Volume/PathTracingVolume.ush" 3084
"../../../Engine/Shaders/Private/PathTracing/Volume/PathTracingClouds.ush" 3085
"../../../Engine/Shaders/Private/PathTracing/Volume/PathTracingHeterogeneousVolumes.ush" 3086
"../../../Engine/Shaders/Private/HeterogeneousVolumes/HeterogeneousVolumesVoxelGridTraversal.ush" 3087
"../../../Engine/Shaders/Private/HeterogeneousVolumes/HeterogeneousVolumesFrustumVoxelGridUtils.ush" 3088
"../../../Engine/Shaders/Private/PathTracing/PathTracingBuildLightGrid.usf" 3089
"../../../Engine/Shaders/Private/PathTracing/PathTracingSkylightMISCompensation.usf" 3090
"../../../Engine/Shaders/Private/PathTracing/PathTracingSkylightPrepare.usf" 3091
"../../../Engine/Shaders/Private/OIT/OITSorting.usf" 3092
"../../../Engine/Shaders/Private/OITCombine.usf" 3093
"../../../Engine/Shaders/Private/OITCommon.ush" 3094
"../../../Engine/Shaders/Private/Nanite/Voxel/RasterizeBricks.usf" 3095
"../../../Engine/Shaders/Private/Nanite/Voxel/Brick.ush" 3096
"../../../Engine/Shaders/Private/Nanite/Voxel/Voxel.ush" 3097
"../../../Engine/Shaders/Private/Nanite/Voxel/ScatterBricks.usf" 3098
"../../../Engine/Shaders/Private/Nanite/Voxel/TileBricks.usf" 3099
"../../../Engine/Shaders/Private/Nanite/Voxel/AutoVoxel.usf" 3100
"../../../Engine/Shaders/Private/Nanite/NaniteDebugViews.usf" 3101
"../../../Engine/Shaders/Private/Nanite/NaniteEditorCommon.ush" 3102
"../../../Engine/Shaders/Private/BinarySearch.ush" 3103
"../../../Engine/Shaders/Private/Nanite/NaniteDepthDecode.usf" 3104
"../../../Engine/Shaders/Private/HTileEncoding.ush" 3105
"../../../Engine/Shaders/Private/Nanite/NaniteVisualize.usf" 3106
"../../../Engine/Shaders/Private/Nanite/NaniteTranslucency.usf" 3107
"../../../Engine/Shaders/Private/Nanite/NaniteStreamOut.usf" 3108
"../../../Engine/Shaders/Private/Nanite/NaniteHierarchyTraversal.ush" 3109
"../../../Engine/Shaders/Private/Nanite/NaniteShadeBinning.usf" 3110
"../../../Engine/Shaders/Private/Nanite/NaniteShadeCommon.ush" 3111
"../../../Engine/Shaders/Private/Nanite/NaniteFastClear.usf" 3112
"../../../Engine/Shaders/Private/Nanite/NaniteClusterRayTracing.usf" 3113
"../../../Engine/Shaders/Private/Nanite/NaniteClusterRayTracingStats.ush" 3114
"../../../Engine/Shaders/Private/Nanite/NaniteRayTracing.usf" 3115
"../../../Engine/Shaders/Private/Nanite/NaniteExportGBuffer.usf" 3116
"../../../Engine/Shaders/Private/Nanite/NaniteRasterizer.usf" 3117
"../../../Engine/Shaders/Private/Nanite/NaniteCurveCommon.ush" 3118
"../../../Engine/Shaders/Private/Nanite/NaniteDice.ush" 3119
"../../../Engine/Shaders/Private/ShaderBundleWorkGraphCommon.ush" 3120
"../../../Engine/Shaders/Private/Nanite/NaniteCurve.usf" 3121
"../../../Engine/Shaders/Private/Nanite/NaniteClusterCulling.usf" 3122
"../../../Engine/Shaders/Private/Nanite/NanitePrintStats.usf" 3123
"../../../Engine/Shaders/Private/Nanite/NaniteSplit.usf" 3124
"../../../Engine/Shaders/Private/Nanite/NaniteRasterBinning.usf" 3125
"../../../Engine/Shaders/Private/Nanite/NaniteInstanceCulling.usf" 3126
"../../../Engine/Shaders/Private/Nanite/NaniteInstanceHierarchyCulling.usf" 3127
"../../../Engine/Shaders/Private/WorkGroupLoadBalancer.ush" 3128
"../../../Engine/Shaders/Private/Nanite/NanitePrimitiveFilter.usf" 3129
"../../../Engine/Shaders/Private/Nanite/NaniteRasterClear.usf" 3130
"../../../Engine/Shaders/Private/Nanite/NaniteDepthExport.usf" 3131
"../../../Engine/Shaders/Private/Nanite/NaniteEmitShadow.usf" 3132
"../../../Engine/Shaders/Private/MobileDeferredUtils.usf" 3133
"../../../Engine/Shaders/Private/MobileFog.usf" 3134
"../../../Engine/Shaders/Private/DistortApplyScreenPS.usf" 3135
"../../../Engine/Shaders/Private/MobileDeferredShading.usf" 3136
"../../../Engine/Shaders/Private/MobileBasePassPixelShader.usf" 3137
"../../../Engine/Shaders/Private/MobileBasePassCommon.ush" 3138
"../../../Engine/Shaders/Private/BasePassCommon.ush" 3139
"../../../Engine/Shaders/Private/ShadingModelsMaterial.ush" 3140
"../../../Engine/Shaders/Private/ThinTranslucentCommon.ush" 3141
"../../../Engine/Shaders/Private/SingleLayerWaterShading.ush" 3142
"../../../Engine/Shaders/Private/DistortionCommon.ush" 3143
"../../../Engine/Shaders/Private/Substrate/SubstrateMobileForwardLighting.ush" 3144
"../../../Engine/Shaders/Private/MobileBasePassVertexShader.usf" 3145
"../../../Engine/Shaders/Private/MeshEdges.usf" 3146
"../../../Engine/Shaders/Private/MegaLights/MegaLightsLightComplexity.usf" 3147
"../../../Engine/Shaders/Private/MegaLights/MegaLightsSamplingDefinitionsCommon.ush" 3148
"../../../Engine/Shaders/Private/MegaLights/MegaLightsLightTargetPDF.ush" 3149
"../../../Engine/Shaders/Private/MegaLights/MegaLightsShading.ush" 3150
"../../../Engine/Shaders/Private/MegaLights/MegaLights.ush" 3151
"../../../Engine/Shaders/Shared/MegaLightsDefinitions.h" 3152
"../../../Engine/Shaders/Private/MegaLights/MegaLightsMaterial.ush" 3153
"../../../Engine/Shaders/Private/MegaLights/MegaLightsVolume.ush" 3154
"../../../Engine/Shaders/Private/MegaLights/MegaLightsVisibility.ush" 3155
"../../../Engine/Shaders/Private/MegaLights/MegaLightsDebug.usf" 3156
"../../../Engine/Shaders/Private/MegaLights/MegaLightsVisualizeHardwareRayTracing.usf" 3157
"../../../Engine/Shaders/Private/Lumen/LumenHardwareRayTracingCommon.ush" 3158
"../../../Engine/Shaders/Private/RayTracing/RayTracingReflectionEnvironment.ush" 3159
"../../../Engine/Shaders/Private/Lumen/LumenHardwareRayTracingPlatformCommon.ush" 3160
"../../../Engine/Shaders/Private/Lumen/LumenTracingCommon.ush" 3161
"../../../Engine/Shaders/Private/Lumen/SurfaceCache/LumenSurfaceCacheSampling.ush" 3162
"../../../Engine/Shaders/Private/Lumen/SurfaceCache/LumenSurfaceCache.ush" 3163
"../../../Engine/Shaders/Private/Lumen/LumenCardCommon.ush" 3164
"../../../Engine/Shaders/Private/Lumen/LumenCardTileShadowDownsampleFactor.ush" 3165
"../../../Engine/Shaders/Private/StochasticLighting/StochasticLightingVisualize.ush" 3166
"../../../Engine/Shaders/Private/MegaLights/MegaLightsVisualize.usf" 3167
"../../../Engine/Shaders/Private/MegaLights/MegaLightsDenoiser.ush" 3168
"../../../Engine/Shaders/Private/MegaLights/MegaLightsSampling.usf" 3169
"../../../Engine/Shaders/Private/MegaLights/MegaLightsRayTracing.ush" 3170
"../../../Engine/Shaders/Private/MegaLights/MegaLightsSampling.ush" 3171
"../../../Engine/Shaders/Private/MegaLights/MegaLightsEstimateLight.ush" 3172
"../../../Engine/Shaders/Private/MegaLights/MegaLightsVolumeSampling.usf" 3173
"../../../Engine/Shaders/Private/MegaLights/MegaLights.usf" 3174
"../../../Engine/Shaders/Private/HairStrands/HairStrandsDeepShadowCommon.ush" 3175
"../../../Engine/Shaders/Private/HairStrands/HairStrandsScreenTracing.ush" 3176
"../../../Engine/Shaders/Private/MegaLights/MegaLightsFilterVisibleLightHash.usf" 3177
"../../../Engine/Shaders/Private/MegaLights/MegaLightsShading.usf" 3178
"../../../Engine/Shaders/Private/MegaLights/MegaLightsVisibleLightHash.usf" 3179
"../../../Engine/Shaders/Private/MegaLights/MegaLightsVolumeShading.usf" 3180
"../../../Engine/Shaders/Private/MegaLights/MegaLightsVSMMarking.usf" 3181
"../../../Engine/Shaders/Private/MegaLights/MegaLightsVSMTracing.usf" 3182
"../../../Engine/Shaders/Private/MegaLights/MegaLightsRayTracing.usf" 3183
"../../../Engine/Shaders/Private/DistanceField/GlobalDistanceFieldUtils.ush" 3184
"../../../Engine/Shaders/Private/Lumen/LumenScreenTracing.ush" 3185
"../../../Engine/Shaders/Private/StochasticLighting/StochasticLightingRayTracing.ush" 3186
"../../../Engine/Shaders/Private/MegaLights/MegaLightsVolumeRayTracing.usf" 3187
"../../../Engine/Shaders/Private/MegaLights/MegaLightsVolumeHardwareRayTracing.usf" 3188
"../../../Engine/Shaders/Private/MegaLights/MegaLightsHardwareRayTracing.usf" 3189
"../../../Engine/Shaders/Private/MegaLights/MegaLightsLightPowerDelta.usf" 3190
"../../../Engine/Shaders/Private/MegaLights/MegaLightsDenoiserSpatial.usf" 3191
"../../../Engine/Shaders/Private/MegaLights/MegaLightsDenoiserTemporal.usf" 3192
"../../../Engine/Shaders/Private/MaterialCache/MaterialCacheABufferPages.usf" 3193
"../../../Engine/Shaders/Private/MaterialCache/MaterialCacheABufferBorderFillHardwarePages.usf" 3194
"../../../Engine/Shaders/Private/MaterialCache/MaterialCacheShade.usf" 3195
"../../../Engine/Shaders/Private/MaterialCache/MaterialCacheShadeCommon.ush" 3196
"../../../Engine/Shaders/Private/MaterialCache/MaterialCacheUnwrapNaniteShade.usf" 3197
"../../../Engine/Shaders/Private/MaterialCache/MaterialCacheUnwrapPixelShader.usf" 3198
"../../../Engine/Shaders/Private/MaterialCache/MaterialCacheUnwrapVertexShader.usf" 3199
"../../../Engine/Shaders/Private/Lumen/LumenVisualizeRadianceCache.usf" 3200
"../../../Engine/Shaders/Private/Lumen/LumenIrradianceFieldInterpolation.ush" 3201
"../../../Engine/Shaders/Private/Lumen/LumenVisualizeHardwareRayTracing.usf" 3202
"../../../Engine/Shaders/Private/Lumen/LumenVisualize.ush" 3203
"../../../Engine/Shaders/Private/Lumen/LumenHairTracing.ush" 3204
"../../../Engine/Shaders/Private/Lumen/LumenVisualize.usf" 3205
"../../../Engine/Shaders/Private/Lumen/LumenSoftwareRayTracing.ush" 3206
"../../../Engine/Shaders/Private/DistanceField/GlobalDistanceFieldObjectGrid.ush" 3207
"../../../Engine/Shaders/Private/DistanceFieldLightingShared.ush" 3208
"../../../Engine/Shaders/Private/Lumen/LumenRadianceCacheCommon.ush" 3209
"../../../Engine/Shaders/Private/Lumen/LumenVisualizeTraces.ush" 3210
"../../../Engine/Shaders/Private/Lumen/LumenTranslucencyVolumeLighting.usf" 3211
"../../../Engine/Shaders/Private/Lumen/LumenRadianceCacheMarkCommon.ush" 3212
"../../../Engine/Shaders/Private/Lumen/LumenTranslucencyVolumeLightingShared.ush" 3213
"../../../Engine/Shaders/Private/Lumen/LumenScreenProbeCommon.ush" 3214
"../../../Engine/Shaders/Private/RayTracing/RayGenUtils.ush" 3215
"../../../Engine/Shaders/Private/Lumen/LumenRadianceCacheTracingCommon.ush" 3216
"../../../Engine/Shaders/Private/Lumen/LumenFloatQuantization.ush" 3217
"../../../Engine/Shaders/Private/Lumen/LumenTranslucencyVolumeHardwareRayTracing.usf" 3218
"../../../Engine/Shaders/Private/Lumen/LumenTranslucencyRadianceCacheMarkShaders.usf" 3219
"../../../Engine/Shaders/Private/Lumen/SurfaceCache/LumenSurfaceCache.usf" 3220
"../../../Engine/Shaders/Private/Lumen/LumenVirtualTextureCommon.ush" 3221
"../../../Engine/Shaders/Private/Lumen/LumenShortRangeAOHardwareRayTracing.usf" 3222
"../../../Engine/Shaders/Private/Lumen/LumenScreenSpaceBentNormal.ush" 3223
"../../../Engine/Shaders/Private/Lumen/LumenScreenSpaceBentNormal.usf" 3224
"../../../Engine/Shaders/Private/Lumen/LumenScreenProbeTracing.usf" 3225
"../../../Engine/Shaders/Private/Lumen/LumenScreenProbeTracingCommon.ush" 3226
"../../../Engine/Shaders/Private/Lumen/LumenScreenProbeImportanceSampling.usf" 3227
"../../../Engine/Shaders/Private/Lumen/LumenScreenProbeImportanceSamplingShared.ush" 3228
"../../../Engine/Shaders/Private/Lumen/LumenScreenProbeGatherScreenData.usf" 3229
"../../../Engine/Shaders/Private/Lumen/LumenScreenProbeGatherTemporal.ush" 3230
"../../../Engine/Shaders/Private/Lumen/LumenScreenProbeHardwareRayTracing.usf" 3231
"../../../Engine/Shaders/Private/Lumen/LumenScreenProbeDebug.usf" 3232
"../../../Engine/Shaders/Private/Lumen/LumenScreenProbeGather.usf" 3233
"../../../Engine/Shaders/Private/Lumen/LumenUpsample.ush" 3234
"../../../Engine/Shaders/Private/Lumen/LumenScreenProbeGatherTemporal.usf" 3235
"../../../Engine/Shaders/Private/Lumen/LumenScreenProbeFiltering.usf" 3236
"../../../Engine/Shaders/Private/Lumen/LumenSceneLighting.usf" 3237
"../../../Engine/Shaders/Private/Lumen/LumenCardTile.ush" 3238
"../../../Engine/Shaders/Private/Lumen/LumenSceneLighting.ush" 3239
"../../../Engine/Shaders/Private/Lumen/Radiosity/LumenRadiosity.ush" 3240
"../../../Engine/Shaders/Private/Lumen/LumenSceneLightingDebug.usf" 3241
"../../../Engine/Shaders/Private/Lumen/LumenScene.usf" 3242
"../../../Engine/Shaders/Private/Lumen/LumenSceneDirectLightingHardwareRayTracing.usf" 3243
"../../../Engine/Shaders/Private/Lumen/LumenSceneDirectLightingStochastic.ush" 3244
"../../../Engine/Shaders/Private/Lumen/LumenSceneDirectLighting.ush" 3245
"../../../Engine/Shaders/Private/Lumen/LumenSceneDebugHardwareRayTracing.usf" 3246
"../../../Engine/Shaders/Private/Lumen/LumenSceneDirectLightingStochastic.usf" 3247
"../../../Engine/Shaders/Private/Lumen/LumenSceneDirectLightingSoftwareRayTracing.usf" 3248
"../../../Engine/Shaders/Private/DistanceFieldShadowingShared.ush" 3249
"../../../Engine/Shaders/Private/Lumen/LumenSceneDirectLightingPerLightShadowCommon.ush" 3250
"../../../Engine/Shaders/Private/Lumen/LumenSceneDirectLightingShadowMask.usf" 3251
"../../../Engine/Shaders/Private/Lumen/LumenSceneDirectLighting.usf" 3252
"../../../Engine/Shaders/Private/Lumen/LumenSceneDirectLightingCulling.usf" 3253
"../../../Engine/Shaders/Private/Lumen/LumenCardComputeShader.usf" 3254
"../../../Engine/Shaders/Private/Lumen/LumenCardBasePass.ush" 3255
"../../../Engine/Shaders/Private/Lumen/LumenCardPixelShader.usf" 3256
"../../../Engine/Shaders/Private/Lumen/LumenCardVertexShader.usf" 3257
"../../../Engine/Shaders/Private/Lumen/LumenReSTIRGather.usf" 3258
"../../../Engine/Shaders/Private/Lumen/LumenReflectionTracing.usf" 3259
"../../../Engine/Shaders/Private/Lumen/LumenReflectionDenoiserSpatial.usf" 3260
"../../../Engine/Shaders/Private/Lumen/LumenReflectionDenoiserCommon.ush" 3261
"../../../Engine/Shaders/Private/Lumen/LumenCompositeBackgroundVisibility.usf" 3262
"../../../Engine/Shaders/Private/Lumen/LumenReflectionDenoiserClear.usf" 3263
"../../../Engine/Shaders/Private/Lumen/LumenReflectionDenoiserTemporal.usf" 3264
"../../../Engine/Shaders/Private/Lumen/LumenReflectionResolve.usf" 3265
"../../../Engine/Shaders/Private/Lumen/LumenReflections.usf" 3266
"../../../Engine/Shaders/Private/Lumen/RayTracedTranslucency.usf" 3267
"../../../Engine/Shaders/Private/Lumen/LumenReflectionHardwareRayTracing.usf" 3268
"../../../Engine/Shaders/Private/Lumen/Radiosity/LumenVisualizeRadiosityProbes.usf" 3269
"../../../Engine/Shaders/Private/Lumen/Radiosity/LumenRadiosity.usf" 3270
"../../../Engine/Shaders/Private/Lumen/Radiosity/LumenRadiosityHardwareRayTracing.usf" 3271
"../../../Engine/Shaders/Private/Lumen/Radiosity/LumenRadiosityCulling.usf" 3272
"../../../Engine/Shaders/Private/Lumen/LumenRadianceCacheHardwareRayTracing.usf" 3273
"../../../Engine/Shaders/Private/Lumen/LumenRadianceCache.usf" 3274
"../../../Engine/Shaders/Private/Lumen/LumenRadianceCacheUpdate.ush" 3275
"../../../Engine/Shaders/Private/Lumen/LumenRadianceCacheDebug.usf" 3276
"../../../Engine/Shaders/Private/Lumen/LumenRadianceCacheUpdate.usf" 3277
"../../../Engine/Shaders/Private/Lumen/LumenMeshSDFCulling.usf" 3278
"../../../Engine/Shaders/Private/HybridIndirectLighting.ush" 3279
"../../../Engine/Shaders/Private/MeshDistanceFieldCommon.ush" 3280
"../../../Engine/Shaders/Private/Lumen/LumenIrradianceFieldGather.usf" 3281
"../../../Engine/Shaders/Private/Lumen/LumenHardwareRayTracingMaterials.usf" 3282
"../../../Engine/Shaders/Private/LocalFogVolumes/LocalFogVolumeSplat.usf" 3283
"../../../Engine/Shaders/Private/LocalFogVolumes/LocalFogVolumeTiledCulling.usf" 3284
"../../../Engine/Shaders/Private/LightShaftShader.usf" 3285
"../../../Engine/Shaders/Private/StationaryLightOverlapShaders.usf" 3286
"../../../Engine/Shaders/Private/DeferredLightPixelShaders.usf" 3287
"../../../Engine/Shaders/Private/DeferredLightVertexShaders.usf" 3288
"../../../Engine/Shaders/Private/LightMapDensityShader.usf" 3289
"../../../Engine/Shaders/Private/LightGridInjection.usf" 3290
"../../../Engine/Shaders/Shared/LightGridDefinitions.h" 3291
"../../../Engine/Shaders/Private/LightFunctionPixelShader.usf" 3292
"../../../Engine/Shaders/Private/LightFunctionVertexShader.usf" 3293
"../../../Engine/Shaders/Private/LightFunctionAtlas/LightFunctionAtlasRender.usf" 3294
"../../../Engine/Shaders/Private/InstanceCulling/InstanceCullingOcclusionQuery.usf" 3295
"../../../Engine/Shaders/Private/InstanceCulling/InstanceCullingSetup.ush" 3296
"../../../Engine/Shaders/Private/InstanceCulling/BuildInstanceDrawCommands.usf" 3297
"../../../Engine/Shaders/Private/InstanceCulling/InstanceCompactionCommon.ush" 3298
"../../../Engine/Shaders/Private/SceneDataMobileWriter.ush" 3299
"../../../Engine/Shaders/Private/InstanceCulling/CompactVisibleInstances.usf" 3300
"../../../Engine/Shaders/Private/ReflectionEnvironmentPixelShader.usf" 3301
"../../../Engine/Shaders/Private/AmbientCubemapComposite.usf" 3302
"../../../Engine/Shaders/Private/DiffuseIndirectComposite.usf" 3303
"../../../Engine/Shaders/Private/IESAtlas.usf" 3304
"../../../Engine/Shaders/Private/HeterogeneousVolumes/HeterogeneousVolumesVisualizeCascades.usf" 3305
"../../../Engine/Shaders/Private/HeterogeneousVolumes/HeterogeneousVolumesVoxelGridShadows.usf" 3306
"../../../Engine/Shaders/Private/HeterogeneousVolumes/HeterogeneousVolumesStochasticFiltering.ush" 3307
"../../../Engine/Shaders/Private/HeterogeneousVolumes/HeterogeneousVolumesVoxelGridRenderingUtils.ush" 3308
"../../../Engine/Shaders/Private/HeterogeneousVolumes/HeterogeneousVolumesLightingUtils.ush" 3309
"../../../Engine/Shaders/Private/HeterogeneousVolumes/HeterogeneousVolumesRayMarchingUtils.ush" 3310
"../../../Engine/Shaders/Private/HeterogeneousVolumes/HeterogeneousVolumesRayMarchingTypes.ush" 3311
"../../../Engine/Shaders/Private/HeterogeneousVolumes/HeterogeneousVolumesTransmittanceVolumeUtils.ush" 3312
"../../../Engine/Shaders/Private/HeterogeneousVolumes/HeterogeneousVolumesAdaptiveVolumetricShadowMapSampler.ush" 3313
"../../../Engine/Shaders/Private/HeterogeneousVolumes/HeterogeneousVolumesVoxelGridRendering.usf" 3314
"../../../Engine/Shaders/Private/HeterogeneousVolumes/HeterogeneousVolumesVoxelGridPipeline.usf" 3315
"../../../Engine/Shaders/Private/HeterogeneousVolumes/HeterogeneousVolumesMaterialBakingPipeline.usf" 3316
"../../../Engine/Shaders/Private/HeterogeneousVolumes/HeterogeneousVolumesLiveShadingUtils.ush" 3317
"../../../Engine/Shaders/Private/HeterogeneousVolumes/HeterogeneousVolumesFrustumVoxelGrid.usf" 3318
"../../../Engine/Shaders/Private/HeterogeneousVolumes/HeterogeneousVolumesSparseVoxelPipeline.usf" 3319
"../../../Engine/Shaders/Private/HeterogeneousVolumes/HeterogeneousVolumesSparseVoxelUtils.ush" 3320
"../../../Engine/Shaders/Private/HeterogeneousVolumes/HeterogeneousVolumesSparseVoxelUniformBufferUtils.ush" 3321
"../../../Engine/Shaders/Private/HeterogeneousVolumes/HeterogeneousVolumesPreshadingPipeline.usf" 3322
"../../../Engine/Shaders/Private/HeterogeneousVolumes/HeterogeneousVolumesPreshadingUniformBufferUtils.ush" 3323
"../../../Engine/Shaders/Private/HeterogeneousVolumes/HeterogeneousVolumesPreshadingUtils.ush" 3324
"../../../Engine/Shaders/Private/HeterogeneousVolumes/HeterogeneousVolumesShadowMask.usf" 3325
"../../../Engine/Shaders/Private/HeterogeneousVolumes/HeterogeneousVolumesLiveShadingShadows.usf" 3326
"../../../Engine/Shaders/Private/HeterogeneousVolumes/HeterogeneousVolumesLiveShadingGlobalPipeline.usf" 3327
"../../../Engine/Shaders/Private/HeterogeneousVolumes/HeterogeneousVolumesLiveShadingPipeline.usf" 3328
"../../../Engine/Shaders/Private/HeterogeneousVolumes/HeterogeneousVolumesHardwareRayTracing.usf" 3329
"../../../Engine/Shaders/Private/HeterogeneousVolumes/HeterogeneousVolumesAmbientOcclusionPipeline.usf" 3330
"../../../Engine/Shaders/Private/HeterogeneousVolumes/HeterogeneousVolumesComposite.usf" 3331
"../../../Engine/Shaders/Private/HdrCustomResolveShaders.usf" 3332
"../../../Engine/Shaders/Private/HairStrands/RenderCurveRaster.usf" 3333
"../../../Engine/Shaders/Shared/RenderCurveDefinitions.h" 3334
"../../../Engine/Shaders/Private/HairStrands/HairStrandsVoxelRasterCompute.usf" 3335
"../../../Engine/Shaders/Private/HairStrands/HairStrandsHitProxy.usf" 3336
"../../../Engine/Shaders/Private/HairStrands/HairStrandsVisibilityRasterComputeNaive.usf" 3337
"../../../Engine/Shaders/Private/HairStrands/HairStrandsVisibilityRasterHW.usf" 3338
"../../../Engine/Shaders/Private/HairStrands/HairStrandsVisibilityRasterCompute.usf" 3339
"../../../Engine/Shaders/Private/HairStrands/HairStrandsVisibilityRasterClassification.usf" 3340
"../../../Engine/Shaders/Private/HairStrands/HairStrandsCoverage.usf" 3341
"../../../Engine/Shaders/Private/HairStrands/HairStrandsVisibilityDepthPS.usf" 3342
"../../../Engine/Shaders/Private/HairStrands/HairStrandsVisibilityTransmittanceDepthPS.usf" 3343
"../../../Engine/Shaders/Private/HairStrands/HairStrandsVisibilityFillOpaqueDepthPS.usf" 3344
"../../../Engine/Shaders/Private/HairStrands/HairStrandsVisibilityCompactionComputeRaster.usf" 3345
"../../../Engine/Shaders/Private/HairStrands/HairStrandsVisibilityCompaction.usf" 3346
"../../../Engine/Shaders/Private/HairStrands/HairStrandsVisibilityCopyIndirectArg.usf" 3347
"../../../Engine/Shaders/Private/HairStrands/HairStrandsVisibilityClearPS.usf" 3348
"../../../Engine/Shaders/Private/HairStrands/HairStrandsVisibilityPS.usf" 3349
"../../../Engine/Shaders/Private/HairStrands/HairStrandsVisibilityVS.usf" 3350
"../../../Engine/Shaders/Private/HairStrands/HairStrandsVelocity.usf" 3351
"../../../Engine/Shaders/Private/HairStrands/HairStrandsVisibilityComputeSampleCoverage.usf" 3352
"../../../Engine/Shaders/Private/HairStrands/HairStrandsMaterialPS.usf" 3353
"../../../Engine/Shaders/Private/HairStrands/HairStrandsMaterialCommon.ush" 3354
"../../../Engine/Shaders/Private/HairStrands/HairStrandsMaterialVS.usf" 3355
"../../../Engine/Shaders/Private/HairStrands/HairStrandsLightSample.usf" 3356
"../../../Engine/Shaders/Private/HairStrands/HairStrandsDeepShadowMask.usf" 3357
"../../../Engine/Shaders/Private/HairStrands/HairStrandsDeepTransmittanceMask.usf" 3358
"../../../Engine/Shaders/Private/HairStrands/HairStrandsVisibilityTile.usf" 3359
"../../../Engine/Shaders/Private/HairStrands/HairStrandsDeepShadowPS.usf" 3360
"../../../Engine/Shaders/Private/HairStrands/HairStrandsDeepShadowVS.usf" 3361
"../../../Engine/Shaders/Private/HairStrands/HairStrandsAABB.usf" 3362
"../../../Engine/Shaders/Private/HairStrands/HairStrandsLUT.usf" 3363
"../../../Engine/Shaders/Private/HairStrands/HairStrandsForwardRaster.usf" 3364
"../../../Engine/Shaders/Private/HairStrands/HairStrandsForwardCulling.usf" 3365
"../../../Engine/Shaders/Private/HairStrands/HairStrandsEnvironmentLighting.usf" 3366
"../../../Engine/Shaders/Private/HairStrands/HairStrandsDebugCommonStruct.ush" 3367
"../../../Engine/Shaders/Private/HairStrands/HairStrandsEnvironmentAO.usf" 3368
"../../../Engine/Shaders/Private/HairStrands/HairStrandsDeepShadowAllocation.usf" 3369
"../../../Engine/Shaders/Private/HairStrands/HairStrandsVoxelDebug.usf" 3370
"../../../Engine/Shaders/Private/HairStrands/HairStrandsComposition.usf" 3371
"../../../Engine/Shaders/Private/HairStrands/HairStrandsGBufferCommon.ush" 3372
"../../../Engine/Shaders/Private/GPUScene/GPUSceneDataManagement.usf" 3373
"../../../Engine/Shaders/Private/GPUSceneDebugRender.usf" 3374
"../../../Engine/Shaders/Private/GPUFeedbackCompaction.usf" 3375
"../../../Engine/Shaders/Private/GPUFastFourierTransform.usf" 3376
"../../../Engine/Shaders/Private/GPUFastFourierTransform2DCore.ush" 3377
"../../../Engine/Shaders/Private/GPUFastFourierTransformCore.ush" 3378
"../../../Engine/Shaders/Private/GPUBenchmark.usf" 3379
"../../../Engine/Shaders/Private/DistanceField/GlobalDistanceFieldDebug.usf" 3380
"../../../Engine/Shaders/Private/DistanceField/GlobalDistanceFieldUpdate.ush" 3381
"../../../Engine/Shaders/Private/DistanceField/GlobalDistanceFieldMip.usf" 3382
"../../../Engine/Shaders/Private/DistanceField/GlobalDistanceField.usf" 3383
"../../../Engine/Shaders/Private/DistanceField/GlobalDistanceFieldCompositeObjects.usf" 3384
"../../../Engine/Shaders/Private/DistanceField/GlobalDistanceFieldHeightfields.usf" 3385
"../../../Engine/Shaders/Private/HeightfieldLightingShared.ush" 3386
"../../../Engine/Shaders/Private/GenerateConservativeDepth.usf" 3387
"../../../Engine/Shaders/Private/FrontLayerTranslucency.usf" 3388
"../../../Engine/Shaders/Private/FogSeparateComposition.usf" 3389
"../../../Engine/Shaders/Private/FogScreenSpaceScattering.ush" 3390
"../../../Engine/Shaders/Private/FogSeparateComposition.ush" 3391
"../../../Engine/Shaders/Private/HeightFogPixelShader.usf" 3392
"../../../Engine/Shaders/Private/HeightFogVertexShader.usf" 3393
"../../../Engine/Shaders/Private/DistortFiltering.usf" 3394
"../../../Engine/Shaders/Private/DistortAccumulatePS.usf" 3395
"../../../Engine/Shaders/Private/DistortAccumulateVS.usf" 3396
"../../../Engine/Shaders/Private/DistanceFieldVisualization.usf" 3397
"../../../Engine/Shaders/Private/DistanceFieldStreaming.usf" 3398
"../../../Engine/Shaders/Private/DistanceFieldShadowing.usf" 3399
"../../../Engine/Shaders/Private/DistanceFieldScreenGridLighting.usf" 3400
"../../../Engine/Shaders/Private/DistanceFieldObjectCulling.usf" 3401
"../../../Engine/Shaders/Private/DistanceFieldLightingPost.usf" 3402
"../../../Engine/Shaders/Private/DitheredTransitionStencil.usf" 3403
"../../../Engine/Shaders/Private/CopyDepthTexture.usf" 3404
"../../../Engine/Shaders/Private/CopyDepthTextureCS.usf" 3405
"../../../Engine/Shaders/Private/DeferredDecal.usf" 3406
"../../../Engine/Shaders/Private/DecalCommon.ush" 3407
"../../../Engine/Shaders/Private/DebugViewModeVertexShader.usf" 3408
"../../../Engine/Shaders/Private/DebugViewModeCommon.ush" 3409
"../../../Engine/Shaders/Private/DebugViewModePixelShader.usf" 3410
"../../../Engine/Shaders/Private/DebugProbes.usf" 3411
"../../../Engine/Shaders/Private/MeshDecals.usf" 3412
"../../../Engine/Shaders/Private/ClusteredDeferredShadingPixelShader.usf" 3413
"../../../Engine/Shaders/Private/ClusteredDeferredShadingVertexShader.usf" 3414
"../../../Engine/Shaders/Private/CapsuleShadowShaders.usf" 3415
"../../../Engine/Shaders/Private/BasePassPixelShader.usf" 3416
"../../../Engine/Shaders/Private/FrontLayerTranslucencyShared.ush" 3417
"../../../Engine/Shaders/Private/ForwardLightingCommon.ush" 3418
"../../../Engine/Shaders/Private/Substrate/SubstrateForwardLighting.ush" 3419
"../../../Engine/Shaders/Private/ComputeShaderOutputCommon.ush" 3420
"../../../Engine/Shaders/Private/BasePassVertexShader.usf" 3421
"../../../Engine/Shaders/Private/BasePassVertexCommon.ush" 3422
"../../../Engine/Shaders/Private/SimpleElementVolumeTexturePreviewPixelShader.usf" 3423
"../../../Engine/Shaders/Private/SimpleElementTexture2DPreviewPixelShader.usf" 3424
"../../../Engine/Shaders/Private/meshpaintdilatepixelshader.usf" 3425
"../../../Engine/Shaders/Private/meshpaintdilatevertexshader.usf" 3426
"../../../Engine/Shaders/Private/MeshPaintPixelShader.usf" 3427
"../../../Engine/Shaders/Private/MeshPaintVertexShader.usf" 3428
"../../../Engine/Shaders/Private/SlateElementPixelShader.usf" 3429
"../../../Engine/Shaders/Private/SlateShaderCommon.ush" 3430
"../../../Engine/Shaders/Private/SlateMaskingShader.usf" 3431
"../../../Engine/Shaders/Private/SlateVertexShader.usf" 3432
"../../../Engine/Shaders/Private/CompositeUIPixelShader.usf" 3433
"../../../Engine/Shaders/Private/ColorDeficiency.ush" 3434
"../../../Engine/Shaders/Private/SlatePostProcessColorDeficiencyPixelShader.usf" 3435
"../../../Engine/Shaders/Private/SlatePostProcessPixelShader.usf" 3436
"../../../Engine/Shaders/Private/Tools/VisualizeTexture.usf" 3437
"../../../Engine/Shaders/Private/UpdateDescriptorHandle.usf" 3438
"../../../Engine/Shaders/Private/ByteBuffer.usf" 3439
"../../../Engine/Shaders/Private/ShaderBundleWorkGraphDispatch.usf" 3440
"../../../Engine/Shaders/Private/ShaderBundleDispatch.usf" 3441
"../../../Engine/Shaders/Private/ResolveVertexShader.usf" 3442
"../../../Engine/Shaders/Private/ResolvePixelShader.usf" 3443
"../../../Engine/Shaders/Private/Tools/SetupIndirectArgs.usf" 3444
"../../../Engine/Shaders/Private/ClearReplacementShaders.usf" 3445
"../../../Engine/Shaders/Private/Tools/DrawTexture.usf" 3446
"../../../Engine/Shaders/Private/RayTracing/RayTracingValidation.usf" 3447
"../../../Engine/Shaders/Private/RenderGraphUtilities.usf" 3448
"../../../Engine/Shaders/Private/OneColorShader.usf" 3449
"../../../Engine/Shaders/Private/OculusShaders.usf" 3450
"../../../Engine/Shaders/Private/MediaShaders.usf" 3451
"../../../Engine/Shaders/Private/GPUMessaging.usf" 3452
"../../../Engine/Shaders/Private/Tools/GPUDebugCrashUtils.usf" 3453
"../../../Engine/Shaders/Private/NullPixelShader.usf" 3454
"../../../Engine/Shaders/Private/ComputeGenerateMips.usf" 3455
"../../../Engine/Shaders/Private/Tools/DumpTexture.usf" 3456
"../../../Engine/Shaders/Private/CopyTextureShaders.usf" 3457
"../../../Engine/Shaders/Private/Tools/FullscreenVertexShader.usf" 3458
"../../../Engine/Shaders/Private/RayTracing/RayTracingDispatchDesc.usf" 3459
"../../../Engine/Shaders/Private/Bink.usf" 3460
"../../../Engine/Shaders/Private/DepthOnlyPixelShader.usf" 3461
"../../../Engine/Shaders/Private/PositionOnlyDepthVertexShader.usf" 3462
"../../../Engine/Shaders/Private/DepthOnlyVertexShader.usf" 3463
"../../../Engine/Shaders/Private/AnisotropyPassShader.usf" 3464
"C:/Users/luisf/Documents/pos/test/bochanet/BochaNet/Content/ThirdPerson/Lvl_ThirdPerson.umap" 3465
"C:/Users/luisf/Documents/pos/test/bochanet/BochaNet/Content/__ExternalActors__/ThirdPerson/Lvl_ThirdPerson/F/4G/TYFCMQ9MC435YW6FZBF5FS.uasset" 3466
"C:/Users/luisf/Documents/pos/test/bochanet/BochaNet/Content/__ExternalActors__/ThirdPerson/Lvl_ThirdPerson/A/VQ/2U9SW3M8A5I27FQYCSNZG5.uasset" 3467
"C:/Users/luisf/Documents/pos/test/bochanet/BochaNet/Content/Bocha/Player/BP_MiniGameCharacter.uasset" 3468
"/Engine/EngineResources/WhiteSquareTexture" 3469
"../../../Engine/Content/EngineResources/WhiteSquareTexture.uasset" 3470
"/Engine/EngineResources/GradientTexture0" 3471
"../../../Engine/Content/EngineResources/GradientTexture0.uasset" 3472
"/Engine/EngineResources/Black" 3473
"../../../Engine/Content/EngineResources/Black.uasset" 3474
"/Engine/EditorResources/S_Actor" 3475
"../../../Engine/Content/EditorResources/S_Actor.uasset" 3476
"/Engine/EngineFonts/RobotoDistanceField" 3477
"../../../Engine/Content/EngineFonts/RobotoDistanceField.uasset" 3478
"/Engine/EngineMaterials/DefaultTextMaterialOpaque" 3479
"../../../Engine/Content/EngineMaterials/DefaultTextMaterialOpaque.uasset" 3480
"/Engine/EngineMaterials/WorldGridMaterial" 3481
"/Engine/EngineMaterials/DefaultDeferredDecalMaterial" 3482
"/Engine/EngineMaterials/DefaultLightFunctionMaterial" 3483
"/Engine/EngineMaterials/DefaultPostProcessMaterial" 3484
"../../../Engine/Content/EngineMaterials/WorldGridMaterial.uasset" 3485
"../../../Engine/Content/Functions/Engine_MaterialFunctions01/Opacity/CameraDepthFade.uasset" 3486
"../../../Engine/Content/EngineMaterials/T_Default_Material_Grid_M.uasset" 3487
"../../../Engine/Content/EngineMaterials/T_Default_Material_Grid_N.uasset" 3488
"../../../Engine/Content/EngineMaterials/DefaultDeferredDecalMaterial.uasset" 3489
"../../../Engine/Content/EngineMaterials/DefaultDiffuse.uasset" 3490
"../../../Engine/Content/EngineMaterials/DefaultLightFunctionMaterial.uasset" 3491
"../../../Engine/Content/EngineMaterials/DefaultPostProcessMaterial.uasset" 3492
"../../../Engine/Content/Functions/Engine_MaterialFunctions02/Utility/BreakOutFloat2Components.uasset" 3493
"/Engine/EditorResources/S_Trigger" 3494
"../../../Engine/Content/EditorResources/S_Trigger.uasset" 3495
"/Engine/EditorResources/S_BoxReflectionCapture" 3496
"../../../Engine/Content/EditorResources/S_BoxReflectionCapture.uasset" 3497
"/Engine/EngineResources/DefaultTexture" 3498
"../../../Engine/Content/EngineResources/DefaultTexture.uasset" 3499
"/Engine/EditorResources/S_TriggerBox" 3500
"../../../Engine/Content/EditorResources/S_TriggerBox.uasset" 3501
"/Engine/EditorResources/S_TriggerCapsule" 3502
"../../../Engine/Content/EditorResources/S_TriggerCapsule.uasset" 3503
"/Engine/EditorResources/S_TriggerSphere" 3504
"../../../Engine/Content/EditorResources/S_TriggerSphere.uasset" 3505
"/Engine/EngineMeshes/Sphere" 3506
"../../../Engine/Content/EngineMeshes/Sphere.uasset" 3507
"/Engine/EngineDamageTypes/DmgTypeBP_Environmental" 3508
"../../../Engine/Content/EngineDamageTypes/DmgTypeBP_Environmental.uasset" 3509
"/Engine/EngineResources/DefaultTextureCube" 3510
"../../../Engine/Content/EngineResources/DefaultTextureCube.uasset" 3511
"/Engine/EngineResources/DefaultVolumeTexture" 3512
"../../../Engine/Content/EngineResources/DefaultVolumeTexture.uasset" 3513
"../../../Engine/Content/EngineResources/DefaultVolumeTexture2D.uasset" 3514
"/Engine/EditorMaterials/WidgetVertexColorMaterial" 3515
"../../../Engine/Content/EditorMaterials/WidgetVertexColorMaterial.uasset" 3516
"/Engine/EditorResources/S_Solver" 3517
"../../../Engine/Content/EditorResources/S_Solver.uasset" 3518
"/Engine/EngineDebugMaterials/VolumeToRender" 3519
"../../../Engine/Content/EngineDebugMaterials/VolumeToRender.uasset" 3520
"/Engine/EngineDebugMaterials/M_VolumeRenderSphereTracePP" 3521
"../../../Engine/Content/EngineDebugMaterials/M_VolumeRenderSphereTracePP.uasset" 3522
"../../../Engine/Content/Functions/Engine_MaterialFunctions02/Utility/CameraDirectionVector.uasset" 3523
"/Engine/EditorMeshes/Camera/SM_CraneRig_Base" 3524
"../../../Engine/Content/EditorMeshes/Camera/SM_CraneRig_Base.uasset" 3525
"../../../Engine/Content/EditorMaterials/Camera/MI_CineMat_Rig.uasset" 3526
"../../../Engine/Content/EditorMaterials/Camera/CineMat.uasset" 3527
"/Engine/EditorMeshes/Camera/SM_CraneRig_Arm" 3528
"../../../Engine/Content/EditorMeshes/Camera/SM_CraneRig_Arm.uasset" 3529
"/Engine/EditorMeshes/Camera/SM_CraneRig_Mount" 3530
"../../../Engine/Content/EditorMeshes/Camera/SM_CraneRig_Mount.uasset" 3531
"/Engine/EditorMeshes/Camera/SM_CraneRig_Body" 3532
"../../../Engine/Content/EditorMeshes/Camera/SM_CraneRig_Body.uasset" 3533
"/Engine/EditorMeshes/Camera/SM_RailRig_Track" 3534
"../../../Engine/Content/EditorMeshes/Camera/SM_RailRig_Track.uasset" 3535
"/Engine/EditorMeshes/Camera/SM_RailRig_Mount" 3536
"../../../Engine/Content/EditorMeshes/Camera/SM_RailRig_Mount.uasset" 3537
"/Engine/EditorLandscapeResources/SplineEditorMesh" 3538
"../../../Engine/Content/EditorLandscapeResources/SplineEditorMesh.uasset" 3539
"../../../Engine/Content/EditorLandscapeResources/SplineEditorMeshMat.uasset" 3540
"/Water/Icons/WaterBodyIslandSprite" 3541
"../../Plugins/Experimental/Water/Content/Icons/WaterBodyIslandSprite.uasset" 3542
"/Water/Icons/WaterZoneActorSprite" 3543
"../../Plugins/Experimental/Water/Content/Icons/WaterZoneActorSprite.uasset" 3544
"/HairStrands/Materials/HairDebugMaterial" 3545
"../../Plugins/Runtime/HairStrands/Content/Materials/HairDebugMaterial.uasset" 3546
"../../../Engine/Content/Functions/Engine_MaterialFunctions02/Utility/MakeFloat2.uasset" 3547
"../../../Engine/Content/Functions/Engine_MaterialFunctions02/Utility/MakeFloat3.uasset" 3548
"../../../Engine/Content/EngineMaterials/HairColorMap.uasset" 3549
"../../../Engine/Content/EngineMaterials/HairDebugColor.uasset" 3550
"../../Plugins/Runtime/HairStrands/Content/Materials/HairGroupColors.uasset" 3551
"/HairStrands/Materials/HairDefaultMaterial" 3552
"../../Plugins/Runtime/HairStrands/Content/Materials/HairDefaultMaterial.uasset" 3553
"/HairStrands/Materials/HairCardsDefaultMaterial" 3554
"../../Plugins/Runtime/HairStrands/Content/Materials/HairCardsDefaultMaterial.uasset" 3555
"/HairStrands/Materials/HairMeshesDefaultMaterial" 3556
"../../Plugins/Runtime/HairStrands/Content/Materials/HairMeshesDefaultMaterial.uasset" 3557
"/Engine/EngineMaterials/Widget3DPassThrough_Translucent" 3558
"../../../Engine/Content/EngineMaterials/Widget3DPassThrough_Translucent.uasset" 3559
"../../../Engine/Content/EngineMaterials/Widget3DPassThrough.uasset" 3560
"/Engine/EngineMaterials/Widget3DPassThrough_Translucent_OneSided" 3561
"../../../Engine/Content/EngineMaterials/Widget3DPassThrough_Translucent_OneSided.uasset" 3562
"/Engine/EngineMaterials/Widget3DPassThrough_Opaque" 3563
"../../../Engine/Content/EngineMaterials/Widget3DPassThrough_Opaque.uasset" 3564
"/Engine/EngineMaterials/Widget3DPassThrough_Opaque_OneSided" 3565
"../../../Engine/Content/EngineMaterials/Widget3DPassThrough_Opaque_OneSided.uasset" 3566
"/Engine/EngineMaterials/Widget3DPassThrough_Masked" 3567
"../../../Engine/Content/EngineMaterials/Widget3DPassThrough_Masked.uasset" 3568
"/Engine/EngineMaterials/Widget3DPassThrough_Masked_OneSided" 3569
"../../../Engine/Content/EngineMaterials/Widget3DPassThrough_Masked_OneSided.uasset" 3570
"/Engine/VREditor/ViewportInteractionAssetContainerData" 3571
"../../../Engine/Content/VREditor/ViewportInteractionAssetContainerData.uasset" 3572
"../../../Engine/Content/VREditor/SnapGrid/SnapGridMaterial.uasset" 3573
"../../../Engine/Content/VREditor/TransformGizmo/TransformGizmoMaterial_Inst.uasset" 3574
"../../../Engine/Content/VREditor/TransformGizmo/TranslucentTransformGizmoMaterial_Inst.uasset" 3575
"../../../Engine/Content/VREditor/SnapGrid/SnapGridPlaneMesh.uasset" 3576
"../../../Engine/Content/VREditor/Sounds/UI/Drop_Item_From_ContentBrowser.uasset" 3577
"../../../Engine/Content/VREditor/Sounds/UI/Gizmo_Handle_Clicked.uasset" 3578
"../../../Engine/Content/VREditor/Sounds/UI/Object_PickUp.uasset" 3579
"../../../Engine/Content/VREditor/Sounds/UI/Object_Snaps_To_Another_Actor.uasset" 3580
"../../../Engine/Content/VREditor/Sounds/UI/Object_Snaps_To_Grid.uasset" 3581
"../../../Engine/Content/VREditor/Sounds/UI/Scaling_Down.uasset" 3582
"../../../Engine/Content/VREditor/Sounds/UI/Scaling_Up.uasset" 3583
"../../../Engine/Content/VREditor/Sounds/UI/Selection_Changes.uasset" 3584
"../../../Engine/Content/VREditor/TransformGizmo/PlaneTranslationHandle.uasset" 3585
"../../../Engine/Content/VREditor/TransformGizmo/RotationHandleFull.uasset" 3586
"../../../Engine/Content/VREditor/TransformGizmo/RotationHandleIndicator.uasset" 3587
"../../../Engine/Content/VREditor/TransformGizmo/RotationHandleQuarter.uasset" 3588
"../../../Engine/Content/VREditor/TransformGizmo/StartRotationHandleIndicator.uasset" 3589
"../../../Engine/Content/VREditor/TransformGizmo/TransformGizmoFreeRotation.uasset" 3590
"../../../Engine/Content/VREditor/TransformGizmo/TranslateArrowHandle.uasset" 3591
"../../../Engine/Content/VREditor/TransformGizmo/UniformScaleHandle.uasset" 3592
"../../../Engine/Content/Functions/Engine_MaterialFunctions02/Math/Transform3x3Matrix.uasset" 3593
"../../../Engine/Content/Functions/Engine_MaterialFunctions02/SplitComponents.uasset" 3594
"../../../Engine/Content/VREditor/TransformGizmo/TransformGizmoMaterial.uasset" 3595
"../../../Engine/Content/VREditor/TransformGizmo/TranslucentTransformGizmoMaterial.uasset" 3596
"../../../Engine/Content/Functions/Engine_MaterialFunctions02/Utility/BreakOutFloat3Components.uasset" 3597
"../../../Engine/Content/VREditor/LaserPointer/VR_LaserPower_01.uasset" 3598
"/Engine/VREditor/TransformGizmo/BoundingBoxCorner" 3599
"../../../Engine/Content/VREditor/TransformGizmo/BoundingBoxCorner.uasset" 3600
"/Engine/VREditor/TransformGizmo/BoundingBoxEdge" 3601
"../../../Engine/Content/VREditor/TransformGizmo/BoundingBoxEdge.uasset" 3602
"/Engine/ArtTools/RenderToTexture/Meshes/S_1_Unit_Plane" 3603
"../../../Engine/Content/ArtTools/RenderToTexture/Meshes/S_1_Unit_Plane.uasset" 3604
"/Engine/EngineDebugMaterials/M_SimpleUnlitTranslucent" 3605
"../../../Engine/Content/EngineDebugMaterials/M_SimpleUnlitTranslucent.uasset" 3606
"/Engine/EngineFonts/Roboto" 3607
"../../../Engine/Content/EngineFonts/Roboto.uasset" 3608
"../../../Engine/Content/EngineFonts/Faces/DroidSansFallback.uasset" 3609
"../../../Engine/Content/EngineFonts/Faces/RobotoBold.uasset" 3610
"../../../Engine/Content/EngineFonts/Faces/RobotoBoldItalic.uasset" 3611
"../../../Engine/Content/EngineFonts/Faces/RobotoItalic.uasset" 3612
"../../../Engine/Content/EngineFonts/Faces/RobotoLight.uasset" 3613
"../../../Engine/Content/EngineFonts/Faces/RobotoRegular.uasset" 3614
"../../../Engine/Content/Internationalization/icudt64l/brkitr/pt.res" 3615
"../../../Engine/Content/Internationalization/icudt64l/brkitr/root.res" 3616
"../../../Engine/Content/Internationalization/icudt64l/brkitr/char.brk" 3617
"../../../Engine/Content/Internationalization/icudt64l/brkitr/word.brk" 3618
"/Engine/EditorMaterials/ParticleSystems/PSysThumbnail_NoImage" 3619
"../../../Engine/Content/EditorMaterials/ParticleSystems/PSysThumbnail_NoImage.uasset" 3620
"/Engine/EditorMaterials/ParticleSystems/PSysThumbnail_OOD" 3621
"../../../Engine/Content/EditorMaterials/ParticleSystems/PSysThumbnail_OOD.uasset" 3622
"/Engine/EngineResources/LandscapeVisibilityLayerInfo" 3623
"../../../Engine/Content/EngineResources/LandscapeVisibilityLayerInfo.uasset" 3624
"/Water/Meshes/LakeMesh" 3625
"../../Plugins/Experimental/Water/Content/Meshes/LakeMesh.uasset" 3626
"/Water/Meshes/RiverMesh" 3627
"../../Plugins/Experimental/Water/Content/Meshes/RiverMesh.uasset" 3628
"/Water/Icons/WaterBodyExclusionVolumeSprite" 3629
"../../Plugins/Experimental/Water/Content/Icons/WaterBodyExclusionVolumeSprite.uasset" 3630
"../../../../../../Users/luisf/Documents/pos/test/bochanet/BochaNet/Intermediate/ShaderAutogen/PCD3D_SM5/AutogenShaderHeaders.ush" 3631
"../../../Engine/Content/Internationalization/icudt64l/coll/en.res" 3632
"../../../Engine/Plugins/Runtime/IOSDeviceProfileSelector/Config/DeviceModelsInfo.ini" 3633
"/ACLPlugin/ACLAnimBoneCompressionSettings" 3634
"../../Plugins/Animation/ACLPlugin/Content/ACLAnimBoneCompressionSettings.uasset" 3635
"/Engine/Animation/DefaultRecorderBoneCompression" 3636
"../../../Engine/Content/Animation/DefaultRecorderBoneCompression.uasset" 3637
"/ACLPlugin/ACLAnimCurveCompressionSettings" 3638
"../../Plugins/Animation/ACLPlugin/Content/ACLAnimCurveCompressionSettings.uasset" 3639
"/Engine/Animation/DefaultVariableFrameStrippingSettings" 3640
"../../../Engine/Content/Animation/DefaultVariableFrameStrippingSettings.uasset" 3641
"/Engine/EditorMaterials/Dataflow/M_Dataflow_CheckerBoard" 3642
"../../../Engine/Content/EditorMaterials/Dataflow/M_Dataflow_CheckerBoard.uasset" 3643
"../../../Engine/Content/EditorMaterials/Dataflow/T_CheckerBoard.uasset" 3644
"/Engine/EditorMaterials/Dataflow/DataflowSelection" 3645
"../../../Engine/Content/EditorMaterials/Dataflow/DataflowSelection.uasset" 3646
"../../../Engine/Content/Functions/Engine_MaterialFunctions01/Gradient/LinearGradient.uasset" 3647
"../../../Engine/Content/Functions/Engine_MaterialFunctions01/ImageAdjustment/CheapContrast.uasset" 3648
"../../../Engine/Content/Functions/Engine_MaterialFunctions01/Texturing/WorldAlignedTexture.uasset" 3649
"../../../Engine/Content/Functions/Engine_MaterialFunctions02/Utility/VectorLength.uasset" 3650
"../../../Engine/Content/Functions/Engine_MaterialFunctions02/WorldPositionOffset/ObjectScale.uasset" 3651
"../../../Engine/Content/EngineMaterials/Grid.uasset" 3652
"/ControlRig/Controls/ControlRigXRayMaterial" 3653
"../../Plugins/Animation/ControlRig/Content/Controls/ControlRigXRayMaterial.uasset" 3654
"/ControlRig/Controls/DefaultGizmoLibraryNormalized" 3655
"../../Plugins/Animation/ControlRig/Content/Controls/DefaultGizmoLibraryNormalized.uasset" 3656
"/AudioWidgets/Resources/ScrubHandleDown_Clamped" 3657
"../../Plugins/Runtime/AudioWidgets/Content/Resources/ScrubHandleDown_Clamped.uasset" 3658
"/Paper2D/MaskedUnlitSpriteMaterial" 3659
"../../Plugins/2D/Paper2D/Content/MaskedUnlitSpriteMaterial.uasset" 3660
"../../Plugins/2D/Paper2D/Content/DefaultSpriteMaterial.uasset" 3661
"../../Plugins/2D/Paper2D/Content/PlaceholderTextures/DummySpriteTexture.uasset" 3662
"/Paper2D/OpaqueUnlitSpriteMaterial" 3663
"../../Plugins/2D/Paper2D/Content/OpaqueUnlitSpriteMaterial.uasset" 3664
"/Paper2D/DefaultPaperTerrainMaterial" 3665
"../../Plugins/2D/Paper2D/Content/DefaultPaperTerrainMaterial.uasset" 3666
"../../Plugins/2D/Paper2D/Content/DummySprite.uasset" 3667
"/ControlRig/M_Manip" 3668
"../../Plugins/Animation/ControlRig/Content/M_Manip.uasset" 3669
"../../../Engine/Content/Functions/Engine_MaterialFunctions02/WorldPositionOffset/CameraOffset.uasset" 3670
"../../../Engine/Config/BaseUnrealInsightsSettings.ini" 3671
"/PCG/ComputeSources/PCGCS_ShaderUtils" 3672
"../../Plugins/PCG/Content/ComputeSources/PCGCS_ShaderUtils.uasset" 3673
"/PCG/ComputeSources/PCGCS_ShaderUtilsInternal" 3674
"../../Plugins/PCG/Content/ComputeSources/PCGCS_ShaderUtilsInternal.uasset" 3675
"/PCG/ComputeSources/PCGCS_Quaternion" 3676
"../../Plugins/PCG/Content/ComputeSources/PCGCS_Quaternion.uasset" 3677
"/Engine/VREditor/TransformGizmo/SM_Sequencer_Node" 3678
"../../../Engine/Content/VREditor/TransformGizmo/SM_Sequencer_Node.uasset" 3679
"../../../Engine/Content/VREditor/TransformGizmo/Main.uasset" 3680
"../../../Engine/Content/VREditor/TransformGizmo/Xray.uasset" 3681
"/MeshModelingToolsetExp/Materials/PointSetOverlaidComponentMaterial" 3682
"../../Plugins/Experimental/MeshModelingToolsetExp/Content/Materials/PointSetOverlaidComponentMaterial.uasset" 3683
"../../../Engine/Content/Functions/Engine_MaterialFunctions02/Utility/FOV.uasset" 3684
"../../../Engine/Content/Functions/Engine_MaterialFunctions02/WorldPositionOffset/V2/ObjectScale.uasset" 3685
"../../../Engine/Content/Functions/Engine_MaterialFunctions03/Viewport/MF_OrthoWidth.uasset" 3686
"../../Plugins/Experimental/MeshModelingToolsetExp/Content/Materials/GetDisplacementVectorForDepthBias.uasset" 3687
"/MeshModelingToolsetExp/Materials/LineSetOverlaidComponentMaterial" 3688
"../../Plugins/Experimental/MeshModelingToolsetExp/Content/Materials/LineSetOverlaidComponentMaterial.uasset" 3689
"../../../Engine/Content/Functions/Engine_MaterialFunctions02/Math/ProjectVectorOntoPlane.uasset" 3690
"../../../Engine/Content/Functions/Engine_MaterialFunctions02/SafeNormalize.uasset" 3691
"/Landmass/Landscape/BlueprintBrushes/Materials/Internal/BrushBounds" 3692
"../../Plugins/Experimental/Landmass/Content/Landscape/BlueprintBrushes/Materials/Internal/BrushBounds.uasset" 3693
"../../../Engine/Content/EditorMaterials/TilingAAGrid.uasset" 3694
"../../../Engine/Content/EditorMaterials/TilingAALineBoxFiltered.uasset" 3695
"../../../Engine/Content/EditorMaterials/TilingAALineIntegral.uasset" 3696
"../../../Engine/Content/Functions/Engine_MaterialFunctions01/ImageAdjustment/SCurve.uasset" 3697
"../../../Engine/Content/Functions/Engine_MaterialFunctions03/Blends/Blend_Screen.uasset" 3698
"../../../Engine/Content/Functions/Engine_MaterialFunctions03/Procedurals/ComputeFilterWidth.uasset" 3699
"../../Plugins/Experimental/Landmass/Content/Landscape/BlueprintBrushes/Materials/BrushMaterials/BasicFunctions/LandmassBrush_ShapeMask.uasset" 3700
"../../Plugins/Experimental/Landmass/Content/Landscape/BlueprintBrushes/MF/Landmass_BrushTilt.uasset" 3701
"../../Plugins/Experimental/Landmass/Content/Landscape/BlueprintBrushes/MF/LandmassBrush_EdgeFalloff.uasset" 3702
"../../Plugins/Experimental/Landmass/Content/Landscape/BlueprintBrushes/MF/LandmassBrush_Noise.uasset" 3703
"../../Plugins/Experimental/Landmass/Content/Landscape/BlueprintBrushes/MF/LandmassBrush_UVs.uasset" 3704
"../../Plugins/Experimental/Landmass/Content/Landscape/BlueprintBrushes/MF/PointSampleLandscapeUVs.uasset" 3705
"../../Plugins/Experimental/Landmass/Content/Landscape/OldPrototype_BP/Mats/MF/UnpackRG8Height.uasset" 3706
"../../Plugins/Experimental/Landmass/Content/Landscape/BlueprintBrushes/MPC/MPC_Landscape.uasset" 3707
"../../../Engine/Content/ArtTools/RenderToTexture/Textures/T_EV_BlankWhite_01.uasset" 3708
"../../../Engine/Content/EngineMaterials/BlendFunc_DefBase.uasset" 3709
"../../../Engine/Content/EngineMaterials/BlendFunc_DefBlend.uasset" 3710
"../../../Engine/Content/EngineResources/Black_Low.uasset" 3711
"/Landmass/Landscape/Meshes/S_SpritePlane" 3712
"../../Plugins/Experimental/Landmass/Content/Landscape/Meshes/S_SpritePlane.uasset" 3713
"/Landmass/Landscape/BlueprintBrushes/Materials/Sprite/M_BrushSprite_01" 3714
"../../Plugins/Experimental/Landmass/Content/Landscape/BlueprintBrushes/Materials/Sprite/M_BrushSprite_01.uasset" 3715
"../../../Engine/Content/Functions/Engine_MaterialFunctions02/WorldPositionOffset/ComponentPivotLocation.uasset" 3716
"../../../Engine/Content/Functions/Engine_MaterialFunctions02/WorldPositionOffset/Sprite.uasset" 3717
"../../../Engine/Content/EditorResources/S_Terrain.uasset" 3718
"/MediaPlate/SM_MediaPlateScreen" 3719
"../../Plugins/Media/MediaPlate/Content/SM_MediaPlateScreen.uasset" 3720
"../../../Engine/Intermediate/ProjectFiles/PrimaryProjectPath.txt" 3721
"/SpeedTreeImporter/SpeedTree9/SpeedTreeMaster" 3722
"../../Plugins/Editor/SpeedTreeImporter/Content/SpeedTree9/SpeedTreeMaster.uasset" 3723
"../../../Engine/Content/Functions/Engine_MaterialFunctions02/ObjectLocalBounds.uasset" 3724
"../../../Engine/Content/Functions/Engine_MaterialFunctions02/UVs/BoundingBoxBased_0-1_UVW.uasset" 3725
"../../Plugins/Editor/SpeedTreeImporter/Content/SpeedTree9/SpeedTreeBranchMotion.uasset" 3726
"../../Plugins/Editor/SpeedTreeImporter/Content/SpeedTree9/SpeedTreeCameraFacing.uasset" 3727
"../../Plugins/Editor/SpeedTreeImporter/Content/SpeedTree9/SpeedTreeWind.uasset" 3728
"../../Plugins/Editor/SpeedTreeImporter/Content/SpeedTree9/SpeedTreeWindMotion.uasset" 3729
"../../Plugins/Editor/SpeedTreeImporter/Content/SpeedTree9/UnpackDirection.uasset" 3730
"../../Plugins/Editor/SpeedTreeImporter/Content/SpeedTree9/UnpackInteger3.uasset" 3731
"../../Plugins/Editor/SpeedTreeImporter/Content/SpeedTree9/Empty.uasset" 3732
"../../Plugins/Editor/SpeedTreeImporter/Content/SpeedTree9/EmptyNormal.uasset" 3733
"../../Plugins/Editor/SpeedTreeImporter/Content/SpeedTree9/game_wind_noise.uasset" 3734
"/SpeedTreeImporter/SpeedTree9/SpeedTreeBillboardMaster" 3735
"../../Plugins/Editor/SpeedTreeImporter/Content/SpeedTree9/SpeedTreeBillboardMaster.uasset" 3736
"../../Plugins/Editor/SpeedTreeImporter/Content/SpeedTree9/SpeedTreeBillboard.uasset" 3737
"/Engine/BasicShapes/BasicShapeMaterial" 3738
"../../../Engine/Content/BasicShapes/BasicShapeMaterial.uasset" 3739
"/Engine/EditorMaterials/Dataflow/DataflowVertexMaterial" 3740
"../../../Engine/Content/EditorMaterials/Dataflow/DataflowVertexMaterial.uasset" 3741
"/Engine/EditorMaterials/Dataflow/DataflowTwoSidedVertexMaterial" 3742
"../../../Engine/Content/EditorMaterials/Dataflow/DataflowTwoSidedVertexMaterial.uasset" 3743
"/Engine/EditorLandscapeResources/LayerVisMaterial" 3744
"../../../Engine/Content/EditorLandscapeResources/LayerVisMaterial.uasset" 3745
"../../../Engine/Content/EditorLandscapeResources/WhiteSquareTexture.uasset" 3746
"/Engine/EditorLandscapeResources/SelectBrushMaterial_Selected" 3747
"../../../Engine/Content/EditorLandscapeResources/SelectBrushMaterial_Selected.uasset" 3748
"../../../Engine/Content/EditorLandscapeResources/SelectBrushMaterial.uasset" 3749
"../../../Engine/Content/Functions/Engine_MaterialFunctions03/Math/WithinRangeFloat2.uasset" 3750
"../../../Engine/Content/EditorLandscapeResources/DefaultAlphaTexture.uasset" 3751
"/Engine/EditorLandscapeResources/SelectBrushMaterial_SelectedRegion" 3752
"../../../Engine/Content/EditorLandscapeResources/SelectBrushMaterial_SelectedRegion.uasset" 3753
"/Engine/EditorLandscapeResources/MaskBrushMaterial_MaskedRegion" 3754
"../../../Engine/Content/EditorLandscapeResources/MaskBrushMaterial_MaskedRegion.uasset" 3755
"../../../Engine/Content/EditorLandscapeResources/MaskBrushMaterial.uasset" 3756
"/Engine/EditorLandscapeResources/ColorMaskBrushMaterial_MaskedRegion" 3757
"../../../Engine/Content/EditorLandscapeResources/ColorMaskBrushMaterial_MaskedRegion.uasset" 3758
"../../../Engine/Content/EditorLandscapeResources/ColorMaskBrushMaterial.uasset" 3759
"/Engine/EditorLandscapeResources/LandscapeDirtyMaterial" 3760
"../../../Engine/Content/EditorLandscapeResources/LandscapeDirtyMaterial.uasset" 3761
"/Engine/EditorLandscapeResources/LandscapeLayerUsageMaterial" 3762
"../../../Engine/Content/EditorLandscapeResources/LandscapeLayerUsageMaterial.uasset" 3763
"../../../Engine/Content/Functions/Engine_MaterialFunctions01/Debug/DebugIntValues.uasset" 3764
"../../../Engine/Content/Functions/Engine_MaterialFunctions01/Texturing/ScaleUVsByCenter.uasset" 3765
"../../../Engine/Content/Functions/Engine_MaterialFunctions02/WorldPositionOffset/LocalPosition.uasset" 3766
"../../../Engine/Content/Functions/Engine_MaterialFunctions01/Texturing/TextureCropping.uasset" 3767
"../../../Engine/Content/Functions/Engine_MaterialFunctions02/ExampleContent/DebugNumberStrip.uasset" 3768
"C:/Users/luisf/AppData/Local/UnrealEngine/Editor/UInteractiveToolsPresetCollectionAsset_DefaultCollection.json" 3769
"/Engine/EngineMaterials/NaniteHiddenSectionMaterial" 3770
"../../../Engine/Content/EngineMaterials/NaniteHiddenSectionMaterial.uasset" 3771
"/Engine/EngineMaterials/RemoveSurfaceMaterial" 3772
"../../../Engine/Content/EngineMaterials/RemoveSurfaceMaterial.uasset" 3773
"/Engine/EngineDebugMaterials/DebugMeshMaterial" 3774
"../../../Engine/Content/EngineDebugMaterials/DebugMeshMaterial.uasset" 3775
"/Engine/EngineMaterials/EmissiveMeshMaterial" 3776
"../../../Engine/Content/EngineMaterials/EmissiveMeshMaterial.uasset" 3777
"../../../Engine/Content/EngineMaterials/DefaultWhiteGrid_Low.uasset" 3778
"/Engine/EngineMaterials/M_InvalidLightmapSettings" 3779
"../../../Engine/Content/EngineMaterials/M_InvalidLightmapSettings.uasset" 3780
"../../../Engine/Content/EngineMaterials/InvalidLightmapSettings.uasset" 3781
"/Engine/EngineMaterials/GizmoMaterial" 3782
"../../../Engine/Content/EngineMaterials/GizmoMaterial.uasset" 3783
"/Engine/EngineMaterials/PhAT_JointLimitMaterial" 3784
"../../../Engine/Content/EngineMaterials/PhAT_JointLimitMaterial.uasset" 3785
"/Engine/EngineMaterials/FlattenMaterial" 3786
"../../../Engine/Content/EngineMaterials/FlattenMaterial.uasset" 3787
"../../../Engine/Content/EngineMaterials/BaseFlattenDiffuseMap.uasset" 3788
"../../../Engine/Content/EngineMaterials/BaseFlattenEmissiveMap.uasset" 3789
"../../../Engine/Content/EngineMaterials/BaseFlattenGrayscaleMap.uasset" 3790
"../../../Engine/Content/EngineMaterials/BaseFlattenLinearColor.uasset" 3791
"../../../Engine/Content/EngineMaterials/BaseFlattenNormalMap.uasset" 3792
"../../../Engine/Content/Functions/Engine_MaterialFunctions02/PivotPainter2/Black_1x1_EXR_Texture.uasset" 3793
"/Engine/EngineMaterials/FlattenMaterial_VT" 3794
"../../../Engine/Content/EngineMaterials/FlattenMaterial_VT.uasset" 3795
"../../../Engine/Content/EngineMaterials/BaseFlattenDiffuseMap_VT.uasset" 3796
"../../../Engine/Content/EngineMaterials/BaseFlattenEmissiveMap_VT.uasset" 3797
"../../../Engine/Content/EngineMaterials/BaseFlattenGrayscaleMap_VT.uasset" 3798
"../../../Engine/Content/EngineMaterials/BaseFlattenLinearColor_VT.uasset" 3799
"../../../Engine/Content/EngineMaterials/BaseFlattenNormalMap_VT.uasset" 3800
"../../../Engine/Content/EngineMaterials/Black_1x1_EXR_Texture_VT.uasset" 3801
"/Engine/EngineMaterials/FlattenMaterial_WS_Normal_VT" 3802
"../../../Engine/Content/EngineMaterials/FlattenMaterial_WS_Normal_VT.uasset" 3803
"/Engine/EngineMaterials/Good64x64TilingNoiseHighFreq" 3804
"../../../Engine/Content/EngineMaterials/Good64x64TilingNoiseHighFreq.uasset" 3805
"/Engine/EngineMaterials/DefaultBokeh" 3806
"../../../Engine/Content/EngineMaterials/DefaultBokeh.uasset" 3807
"/Engine/EngineMaterials/MiniFont" 3808
"../../../Engine/Content/EngineMaterials/MiniFont.uasset" 3809
"/Engine/EngineMaterials/WeightMapPlaceholderTexture" 3810
"../../../Engine/Content/EngineMaterials/WeightMapPlaceholderTexture.uasset" 3811
"/Engine/EngineMaterials/WeightMapArrayPlaceholderTexture" 3812
"../../../Engine/Content/EngineMaterials/WeightMapArrayPlaceholderTexture.uasset" 3813
"/Engine/EngineMaterials/DefaultWhiteGrid" 3814
"../../../Engine/Content/EngineMaterials/DefaultWhiteGrid.uasset" 3815
"/Engine/EngineMaterials/PreintegratedSkinBRDF" 3816
"../../../Engine/Content/EngineMaterials/PreintegratedSkinBRDF.uasset" 3817
"/Engine/EngineMaterials/LTC/GGX_LTCAmp" 3818
"../../../Engine/Content/EngineMaterials/LTC/GGX_LTCAmp.uasset" 3819
"/Engine/EngineMaterials/LTC/GGX_LTCMat" 3820
"../../../Engine/Content/EngineMaterials/LTC/GGX_LTCMat.uasset" 3821
"/Engine/EngineMaterials/LTC/Sheen_LTC" 3822
"../../../Engine/Content/EngineMaterials/LTC/Sheen_LTC.uasset" 3823
"/Engine/EngineMaterials/EnergyConservation/GGX_ReflectionEnergy" 3824
"../../../Engine/Content/EngineMaterials/EnergyConservation/GGX_ReflectionEnergy.uasset" 3825
"/Engine/EngineMaterials/EnergyConservation/GGX_MaxSpecEnergy" 3826
"../../../Engine/Content/EngineMaterials/EnergyConservation/GGX_MaxSpecEnergy.uasset" 3827
"/Engine/EngineMaterials/EnergyConservation/GGX_TransmissionEnergyArray" 3828
"../../../Engine/Content/EngineMaterials/EnergyConservation/GGX_TransmissionEnergyArray.uasset" 3829
"/Engine/EngineMaterials/EnergyConservation/Sheen_Energy" 3830
"../../../Engine/Content/EngineMaterials/EnergyConservation/Sheen_Energy.uasset" 3831
"/Engine/EngineMaterials/EnergyConservation/Diffuse_Energy" 3832
"../../../Engine/Content/EngineMaterials/EnergyConservation/Diffuse_Energy.uasset" 3833
"/Engine/EngineMaterials/DefaultPhysicalMaterial" 3834
"../../../Engine/Content/EngineMaterials/DefaultPhysicalMaterial.uasset" 3835
"/Engine/EngineMaterials/DefaultDestructiblePhysicalMaterial" 3836
"../../../Engine/Content/EngineMaterials/DefaultDestructiblePhysicalMaterial.uasset" 3837
"/Water/Materials/MPC/MPC_Water" 3838
"../../Plugins/Experimental/Water/Content/Materials/MPC/MPC_Water.uasset" 3839
"/Niagara/ParameterDefinitions/CoreParameters" 3840
"../../Plugins/FX/Niagara/Content/ParameterDefinitions/CoreParameters.uasset" 3841
"/Niagara/ParameterDefinitions/DecalRenderer" 3842
"../../Plugins/FX/Niagara/Content/ParameterDefinitions/DecalRenderer.uasset" 3843
"/Niagara/ParameterDefinitions/LightRenderer" 3844
"../../Plugins/FX/Niagara/Content/ParameterDefinitions/LightRenderer.uasset" 3845
"/Niagara/ParameterDefinitions/MeshRenderer" 3846
"../../Plugins/FX/Niagara/Content/ParameterDefinitions/MeshRenderer.uasset" 3847
"/Niagara/ParameterDefinitions/RibbonRenderer" 3848
"../../Plugins/FX/Niagara/Content/ParameterDefinitions/RibbonRenderer.uasset" 3849
"/Niagara/ParameterDefinitions/SpriteRenderer" 3850
"../../Plugins/FX/Niagara/Content/ParameterDefinitions/SpriteRenderer.uasset" 3851
"/DeformerGraph/Deformers/DG_LinearBlendSkin_Morph_Cloth" 3852
"../../Plugins/Animation/DeformerGraph/Content/Deformers/DG_LinearBlendSkin_Morph_Cloth.uasset" 3853
"../../Plugins/Animation/DeformerGraph/Content/DeformerFunctions/DG_Function_LinearBlendSkin_Morph_Cloth.uasset" 3854
"/DeformerGraph/Deformers/DG_LinearBlendSkin_Morph_Cloth_RecomputeNormals" 3855
"../../Plugins/Animation/DeformerGraph/Content/Deformers/DG_LinearBlendSkin_Morph_Cloth_RecomputeNormals.uasset" 3856
"../../Plugins/Animation/DeformerGraph/Content/DeformerFunctions/DG_Function_ComputeNormalsTangents.uasset" 3857
"../../Plugins/Animation/DeformerGraph/Content/DeformerFunctions/DG_Function_LinearBlendSkin_Morph_Cloth_PositionOnly.uasset" 3858
"/Engine/BasicShapes/Cube" 3859
"../../../Engine/Content/BasicShapes/Cube.uasset" 3860
"/Engine/BasicShapes/Sphere" 3861
"../../../Engine/Content/BasicShapes/Sphere.uasset" 3862
"../../../Engine/Content/EngineMaterials/DefaultMaterial.uasset" 3863
"/Engine/BasicShapes/Cylinder" 3864
"../../../Engine/Content/BasicShapes/Cylinder.uasset" 3865
"/Engine/BasicShapes/Cone" 3866
"../../../Engine/Content/BasicShapes/Cone.uasset" 3867
"/Engine/BasicShapes/Plane" 3868
"../../../Engine/Content/BasicShapes/Plane.uasset" 3869
"/Water/Curves/FloatCurve" 3870
"../../Plugins/Experimental/Water/Content/Curves/FloatCurve.uasset" 3871
"/Water/Curves/FloatCurve_WaterBodyIsland" 3872
"../../Plugins/Experimental/Water/Content/Curves/FloatCurve_WaterBodyIsland.uasset" 3873
"/Water/Waves/GerstnerWaves_Lake" 3874
"../../Plugins/Experimental/Water/Content/Waves/GerstnerWaves_Lake.uasset" 3875
"/Water/Waves/GerstnerWaves_Ocean" 3876
"../../Plugins/Experimental/Water/Content/Waves/GerstnerWaves_Ocean.uasset" 3877
"/Water/Icons/WaterSprite" 3878
"../../Plugins/Experimental/Water/Content/Icons/WaterSprite.uasset" 3879
"/Water/Icons/WaterErrorSprite" 3880
"../../Plugins/Experimental/Water/Content/Icons/WaterErrorSprite.uasset" 3881
"/Water/Icons/WaterLandscapeBrushSprite" 3882
"../../Plugins/Experimental/Water/Content/Icons/WaterLandscapeBrushSprite.uasset" 3883
"/Engine/EditorResources/SequenceRecorder/Countdown" 3884
"../../../Engine/Content/EditorResources/SequenceRecorder/Countdown.uasset" 3885
"/Engine/EditorResources/SequenceRecorder/RecordingIndicator" 3886
"../../../Engine/Content/EditorResources/SequenceRecorder/RecordingIndicator.uasset" 3887
"/Engine/EditorMaterials/PhAT_UnselectedMaterial" 3888
"../../../Engine/Content/EditorMaterials/PhAT_UnselectedMaterial.uasset" 3889
"/Engine/EditorMaterials/PhAT_NoCollisionMaterial" 3890
"../../../Engine/Content/EditorMaterials/PhAT_NoCollisionMaterial.uasset" 3891
"../../../Engine/Plugins/FX/Niagara/Shaders/Private/NiagaraDataInterfaceTexture2DArrayTemplate.ush" 3892
"../../../Engine/Plugins/FX/Niagara/Shaders/Private/NiagaraDataInterfaceActorComponentTemplate.ush" 3893
"../../../Engine/Plugins/FX/Niagara/Shaders/Private/NiagaraDataInterfaceArrayTemplate.ush" 3894
"../../../Engine/Plugins/FX/Niagara/Shaders/Private/NiagaraDataInterfaceArrayRWTemplate.ush" 3895
"../../../Engine/Plugins/FX/Niagara/Shaders/Private/NiagaraDataInterfaceArrayDistributionIntTemplate.ush" 3896
"../../../Engine/Plugins/FX/Niagara/Shaders/Private/NiagaraDataInterfaceAsyncGpuTrace.ush" 3897
"../../../Engine/Shaders/Public/Platform/Metal/MetalCommon.ush" 3898
"../../../Engine/Shaders/Public/Platform/Vulkan/VulkanCommon.ush" 3899
"../../../Engine/Shaders/Public/Platform/GL/GLCommon.ush" 3900
"../../../Engine/Plugins/FX/Niagara/Shaders/Private/NiagaraDataInterfaceAsyncGpuTraceTemplate.ush" 3901
"../../../Engine/Plugins/FX/Niagara/Shaders/Private/NiagaraDataInterfaceAudioCommon.ush" 3902
"../../../Engine/Plugins/FX/Niagara/Shaders/Private/NiagaraDataInterfaceAudioOscilloscopeTemplate.ush" 3903
"../../../Engine/Plugins/FX/Niagara/Shaders/Private/NiagaraDataInterfaceAudioSpectrumTemplate.ush" 3904
"../../../Engine/Plugins/FX/Niagara/Shaders/Private/NiagaraDataInterfaceCamera.ush" 3905
"../../../Engine/Plugins/Experimental/ChaosNiagara/Shaders/NiagaraDataInterfaceChaosDestruction.ush" 3906
"../../../Engine/Plugins/FX/Niagara/Shaders/Private/NiagaraDataInterfaceCollisionQuery.ush" 3907
"../../../Engine/Shaders/Public/Platform/Vulkan/VulkanSubpassSupport.ush" 3908
"../../../Engine/Shaders/Public/Platform/GL/GLSubpassSupport.ush" 3909
"../../../Engine/Shaders/Public/Platform/Metal/MetalSubpassSupport.ush" 3910
"../../../Engine/Plugins/FX/Niagara/Shaders/Private/NiagaraDataInterfaceCollisionQueryTemplate.ush" 3911
"../../../Engine/Plugins/FX/Niagara/Shaders/Private/NiagaraDataInterfaceCurveTemplate.ush" 3912
"../../../Engine/Plugins/FX/Niagara/Shaders/Private/NiagaraDataInterfaceCubeTextureTemplate.ush" 3913
"../../../Engine/Plugins/FX/Niagara/Shaders/Private/DataChannel/NiagaraDataInterfaceDataChannelCommon.ush" 3914
"../../../Engine/Plugins/FX/Niagara/Shaders/Private/DataChannel/NiagaraDataInterfaceDataChannelTemplateCommon.ush" 3915
"../../../Engine/Plugins/FX/Niagara/Shaders/Private/DataChannel/NiagaraDataInterfaceDataChannelTemplateReadCommon.ush" 3916
"../../../Engine/Plugins/FX/Niagara/Shaders/Private/DataChannel/NiagaraDataInterfaceDataChannelTemplate_Read.ush" 3917
"../../../Engine/Plugins/FX/Niagara/Shaders/Private/DataChannel/NiagaraDataInterfaceDataChannelTemplate_Consume.ush" 3918
"../../../Engine/Plugins/FX/Niagara/Shaders/Private/DataChannel/NiagaraDataInterfaceDataChannelTemplateWriteCommon.ush" 3919
"../../../Engine/Plugins/FX/Niagara/Shaders/Private/DataChannel/NiagaraDataInterfaceDataChannelTemplate_Append.ush" 3920
"../../../Engine/Plugins/FX/Niagara/Shaders/Private/NiagaraDataInterfaceDataTableTemplate.ush" 3921
"../../../Engine/Plugins/FX/Niagara/Shaders/Private/NiagaraDataInterfaceDebugDraw.ush" 3922
"../../../Engine/Plugins/FX/Niagara/Shaders/Private/NiagaraDataInterfaceDebugDrawTemplate.ush" 3923
"../../../Engine/Plugins/FX/Niagara/Shaders/Private/NiagaraDataInterfaceDynamicMeshTemplate.ush" 3924
"../../../Engine/Plugins/FX/Niagara/Shaders/Private/NiagaraDataInterfaceEmitterPropertiesTemplate.ush" 3925
"../../../Engine/Plugins/FX/Niagara/Shaders/Private/NiagaraDataInterfaceExportTemplate.ush" 3926
"../../../Engine/Plugins/FX/Niagara/Shaders/Private/NiagaraDataInterfaceGBufferTemplate.ush" 3927
"../../../Engine/Plugins/Experimental/ChaosNiagara/Shaders/NiagaraDataInterfaceGeometryCollection.ush" 3928
"../../../Engine/Plugins/FX/Niagara/Shaders/Private/NiagaraTransformUtils.ush" 3929
"../../../Engine/Plugins/Runtime/HairStrands/Shaders/Private/NiagaraStrandsExternalForce.ush" 3930
"../../../Engine/Plugins/Runtime/HairStrands/Shaders/Private/NiagaraHookeSpringMaterial.ush" 3931
"../../../Engine/Plugins/Runtime/HairStrands/Shaders/Private/NiagaraAngularSpringMaterial.ush" 3932
"../../../Engine/Plugins/Runtime/HairStrands/Shaders/Private/NiagaraConstantVolumeMaterial.ush" 3933
"../../../Engine/Plugins/Runtime/HairStrands/Shaders/Private/NiagaraCosseratRodMaterial.ush" 3934
"../../../Engine/Plugins/Runtime/HairStrands/Shaders/Private/NiagaraStaticCollisionConstraint.ush" 3935
"../../../Engine/Plugins/Runtime/HairStrands/Shaders/Private/NiagaraDataInterfaceHairStrands.ush" 3936
"../../../Engine/Plugins/Runtime/HairStrands/Shaders/Private/NiagaraDataInterfaceHairStrandsTemplate.ush" 3937
"../../../Engine/Plugins/FX/Niagara/Shaders/Private/NiagaraDataInterfaceIntRenderTarget2D.ush" 3938
"../../../Engine/Plugins/FX/Niagara/Shaders/Private/NiagaraDataInterfaceLandscape.ush" 3939
"../../../Engine/Plugins/FX/Niagara/Shaders/Private/NiagaraDataInterfaceMemoryBufferTemplate.ush" 3940
"../../../Engine/Plugins/FX/Niagara/Shaders/Private/NiagaraDataInterfaceMeshRendererInfoTemplate.ush" 3941
"../../../Engine/Plugins/FX/Niagara/Shaders/Private/NiagaraDataInterfaceNeighborQuery.ush" 3942
"../../../Engine/Plugins/FX/Niagara/Shaders/Private/NiagaraDataInterfaceOcclusion.ush" 3943
"../../../Engine/Plugins/FX/Niagara/Shaders/Private/NiagaraDataInterfacePhysicsAsset.ush" 3944
"../../../Engine/Plugins/Experimental/ChaosNiagara/Shaders/NiagaraDataInterfacePhysicsField.ush" 3945
"../../../Engine/Plugins/FX/Niagara/Shaders/Private/NiagaraDataInterfacePlatformSetTemplate.ush" 3946
"../../../Engine/Plugins/Runtime/HairStrands/Shaders/Private/NiagaraDataInterfaceVelocityGrid.ush" 3947
"../../../Engine/Plugins/Runtime/HairStrands/Shaders/Private/NiagaraDataInterfaceVelocityGridTemplate.ush" 3948
"../../../Engine/Plugins/Runtime/HairStrands/Shaders/Private/NiagaraDataInterfacePressureGrid.ush" 3949
"../../../Engine/Plugins/Runtime/HairStrands/Shaders/Private/NiagaraDataInterfacePressureGridTemplate.ush" 3950
"../../../Engine/Plugins/FX/Niagara/Shaders/Private/NiagaraDataInterfacePropertyInterfaceTemplate.ush" 3951
"../../../Engine/Plugins/FX/Niagara/Shaders/Private/NiagaraDataInterfaceRenderTarget2DTemplate.ush" 3952
"../../../Engine/Plugins/FX/Niagara/Shaders/Private/NiagaraDataInterfaceRenderTarget2DArrayTemplate.ush" 3953
"../../../Engine/Plugins/FX/Niagara/Shaders/Private/NiagaraDataInterfaceRenderTargetCubeTemplate.ush" 3954
"../../../Engine/Plugins/FX/Niagara/Shaders/Private/NiagaraDataInterfaceRenderTargetVolumeTemplate.ush" 3955
"../../../Engine/Plugins/FX/Niagara/Shaders/Private/NiagaraDataInterfaceRigidMeshCollisionQuery.ush" 3956
"../../../Engine/Plugins/FX/Niagara/Shaders/Private/NiagaraDistanceFieldQueries.ush" 3957
"../../../Engine/Plugins/FX/Niagara/Shaders/Private/NiagaraDataInterfaceSceneCapture2DTemplate.ush" 3958
"../../../Engine/Plugins/FX/Niagara/Shaders/Private/NiagaraDataInterfaceSimCacheReaderTemplate.ush" 3959
"../../../Engine/Plugins/FX/Niagara/Shaders/Private/NiagaraDataInterfaceSimpleCounterTemplate.ush" 3960
"../../../Engine/Plugins/FX/Niagara/Shaders/Private/NiagaraDataInterfaceSkeletalMesh.ush" 3961
"../../../Engine/Plugins/FX/Niagara/Shaders/Private/NiagaraBaryCentricUtils.ush" 3962
"../../../Engine/Plugins/FX/Niagara/Shaders/Private/NiagaraDataInterfaceSkeletalMeshTemplate.ush" 3963
"../../../Engine/Plugins/FX/Niagara/Shaders/Private/NiagaraDataInterfaceSocketReaderTemplate.ush" 3964
"../../../Engine/Plugins/FX/Niagara/Shaders/Private/NiagaraDataInterfaceSparseVolumeTextureTemplate.ush" 3965
"../../../Engine/Plugins/FX/Niagara/Shaders/Private/NiagaraDataInterfaceSplineTemplate.ush" 3966
"../../../Engine/Plugins/FX/Niagara/Shaders/Private/NiagaraDataInterfaceSpriteRendererInfoTemplate.ush" 3967
"../../../Engine/Plugins/FX/Niagara/Shaders/Private/NiagaraDataInterfaceStaticMeshTemplate.ush" 3968
"../../../Engine/Plugins/FX/Niagara/Shaders/Private/NiagaraDataInterfaceStaticMeshIndirectTemplate.ush" 3969
"../../../Engine/Plugins/FX/Niagara/Shaders/Private/NiagaraSharedDataGPU_StaticMesh.ush" 3970
"../../../Engine/Plugins/FX/Niagara/Shaders/Private/NiagaraDataInterfaceTextureTemplate.ush" 3971
"../../../Engine/Plugins/FX/Niagara/Shaders/Private/NiagaraDataInterfaceVirtualTexture.ush" 3972
"../../../Engine/Plugins/FX/Niagara/Shaders/Private/NiagaraDataInterfaceVirtualTextureTemplate.ush" 3973
"../../../Engine/Plugins/FX/Niagara/Shaders/Private/NiagaraDataInterfaceVirtualTextureSampleTemplate.ush" 3974
"../../../Engine/Plugins/FX/Niagara/Shaders/Private/NiagaraDataInterfaceVolumeCache.ush" 3975
"../../../Engine/Plugins/FX/Niagara/Shaders/Private/NiagaraDataInterfaceVolumeTextureTemplate.ush" 3976
"C:/Users/luisf/Documents/pos/test/bochanet/BochaNet/Saved/Cooked/Windows/ue.projectstore" 3977
"C:/Users/luisf/AppData/Local/Temp/UnrealShaderWorkingDir/65C90F4949330EA42D7B8A828B889670/1/WorkerOutputOnly.out" 3978
"C:/Users/luisf/AppData/Local/Temp/UnrealShaderWorkingDir/65C90F4949330EA42D7B8A828B889670/7/WorkerOutputOnly.out" 3979
"C:/Users/luisf/AppData/Local/Temp/UnrealShaderWorkingDir/65C90F4949330EA42D7B8A828B889670/5/WorkerOutputOnly.out" 3980
"C:/Users/luisf/AppData/Local/Temp/UnrealShaderWorkingDir/65C90F4949330EA42D7B8A828B889670/0/WorkerOutputOnly.out" 3981
"C:/Users/luisf/AppData/Local/Temp/UnrealShaderWorkingDir/65C90F4949330EA42D7B8A828B889670/12/WorkerOutputOnly.out" 3982
"C:/Users/luisf/AppData/Local/Temp/UnrealShaderWorkingDir/65C90F4949330EA42D7B8A828B889670/4/WorkerOutputOnly.out" 3983
"C:/Users/luisf/AppData/Local/Temp/UnrealShaderWorkingDir/65C90F4949330EA42D7B8A828B889670/3/WorkerOutputOnly.out" 3984
"C:/Users/luisf/AppData/Local/Temp/UnrealShaderWorkingDir/65C90F4949330EA42D7B8A828B889670/6/WorkerOutputOnly.out" 3985
"C:/Users/luisf/AppData/Local/Temp/UnrealShaderWorkingDir/65C90F4949330EA42D7B8A828B889670/8/WorkerOutputOnly.out" 3986
"C:/Users/luisf/AppData/Local/Temp/UnrealShaderWorkingDir/65C90F4949330EA42D7B8A828B889670/10/WorkerOutputOnly.out" 3987
"C:/Users/luisf/AppData/Local/Temp/UnrealShaderWorkingDir/65C90F4949330EA42D7B8A828B889670/2/WorkerOutputOnly.out" 3988
"C:/Users/luisf/AppData/Local/Temp/UnrealShaderWorkingDir/65C90F4949330EA42D7B8A828B889670/9/WorkerOutputOnly.out" 3989
"C:/Users/luisf/AppData/Local/Temp/UnrealShaderWorkingDir/65C90F4949330EA42D7B8A828B889670/11/WorkerOutputOnly.out" 3990
